"1. Interest rates of deposit-taking corporations (excluding National Bank of Ukraine) on loans (new business), breakdown by regions 
and sectors of economy",Unnamed: 1,Unnamed: 2,Unnamed: 3,Unnamed: 4,Unnamed: 5,Unnamed: 6,Unnamed: 7,Unnamed: 8,Unnamed: 9,Unnamed: 10,Unnamed: 11,Unnamed: 12,Unnamed: 13,,None.1,None.2,retrieved
Ukraine,,,18.2637,15.5943,21.9872,16.0035,30.8806,10.347,1.4005,,,,,,,,"11/03/2022, 23:07:51"
including,overdraft,,18.153,22.0447,19.4243,17.1169,19.5615,19.3724,37.1737,,,,,,,,"11/03/2022, 23:07:51"
,excluding overdraft,,18.2774,14.7497,22,15.9116,35.6549,9.2434,1.3842,,,,,,,,"11/03/2022, 23:07:51"
,including by original maturity,up to 1 year,18.4213,14.0828,0,16.1306,36.6744,4.995,1.3826,,,,,,,,"11/03/2022, 23:07:51"
,,over 1 year and up to 5 years,17.4442,16.8614,22,14.0082,31.7268,18.6977,28.5866,,,,,,,,"11/03/2022, 23:07:51"
,,over 5 years,12.2334,0,0,7.872,21.8994,16.4936,0,,,,,,,,"11/03/2022, 23:07:51"
including by currencies,in national currency,total,21.7384,15.6008,21.9872,19.5928,30.8753,16.4516,40.264,,,,,,,,"11/03/2022, 23:07:51"
,,overdraft,18.2098,22.0447,19.4243,17.3377,19.3802,19.3724,36.6985,,,,,,,,"11/03/2022, 23:07:51"
,,excluding overdraft,22.3048,14.7565,22,19.8455,35.6773,15.7238,40.3963,,,,,,,,"11/03/2022, 23:07:51"
,,up to 1 year,22.5916,14.0828,0,20.1875,36.6792,12.3383,40.4547,,,,,,,,"11/03/2022, 23:07:51"
,,over 1 year and up to 5 years,19.3858,16.8956,22,15.8583,31.7511,18.6977,28.5866,,,,,,,,"11/03/2022, 23:07:51"
,,over 5 years,21.2009,0,0,19.244,22.1964,16.4936,0,,,,,,,,"11/03/2022, 23:07:51"
,in foreign currency,total,5.5534,4.0655,0,5.4863,32.3564,3,0.921,,,,,,,,"11/03/2022, 23:07:51"
,,overdraft,13.771,0,0,2.3219,36.9346,0,46.7416,,,,,,,,"11/03/2022, 23:07:51"
,,excluding overdraft,5.4991,4.0655,0,5.5003,5.4943,3,0.92,,,,,,,,"11/03/2022, 23:07:51"
,,up to 1 year,5.5309,0,0,5.5323,4.6947,3,0.92,,,,,,,,"11/03/2022, 23:07:51"
,,over 1 year and up to 5 years,5.1542,4.0655,0,5.1483,9.3572,0,0,,,,,,,,"11/03/2022, 23:07:51"
,,over 5 years,4.9302,0,0,4.9327,4.6671,0,0,,,,,,,,"11/03/2022, 23:07:51"
Autonomous Republic of Crimea and the city of Sevastopol,,,–,–,–,–,–,–,–,,,,,,,,"11/03/2022, 23:07:51"
including,overdraft,,–,–,–,–,–,–,–,,,,,,,,"11/03/2022, 23:07:51"
,excluding overdraft,,–,–,–,–,–,–,–,,,,,,,,"11/03/2022, 23:07:51"
,including by original maturity,up to 1 year,–,–,–,–,–,–,–,,,,,,,,"11/03/2022, 23:07:51"
,,over 1 year and up to 5 years,–,–,–,–,–,–,–,,,,,,,,"11/03/2022, 23:07:51"
,,over 5 years,–,–,–,–,–,–,–,,,,,,,,"11/03/2022, 23:07:51"
including by currencies,in national currency,total,–,–,–,–,–,–,–,,,,,,,,"11/03/2022, 23:07:51"
,,overdraft,–,–,–,–,–,–,–,,,,,,,,"11/03/2022, 23:07:51"
,,excluding overdraft,–,–,–,–,–,–,–,,,,,,,,"11/03/2022, 23:07:51"
,,up to 1 year,–,–,–,–,–,–,–,,,,,,,,"11/03/2022, 23:07:51"
,,over 1 year and up to 5 years,–,–,–,–,–,–,–,,,,,,,,"11/03/2022, 23:07:51"
,,over 5 years,–,–,–,–,–,–,–,,,,,,,,"11/03/2022, 23:07:51"
,in foreign currency,total,–,–,–,–,–,–,–,,,,,,,,"11/03/2022, 23:07:51"
,,overdraft,–,–,–,–,–,–,–,,,,,,,,"11/03/2022, 23:07:51"
,,excluding overdraft,–,–,–,–,–,–,–,,,,,,,,"11/03/2022, 23:07:51"
,,up to 1 year,–,–,–,–,–,–,–,,,,,,,,"11/03/2022, 23:07:51"
,,over 1 year and up to 5 years,–,–,–,–,–,–,–,,,,,,,,"11/03/2022, 23:07:51"
,,over 5 years,–,–,–,–,–,–,–,,,,,,,,"11/03/2022, 23:07:51"
regions,,,,,,,,,,,,,,,,,"11/03/2022, 23:07:51"
Vinnytsia,,,26.3094,0,0,17.8383,37.2662,0,44.1717,,,,,,,,"11/03/2022, 23:07:51"
including,overdraft,,20.094,0,0,17.1701,33.7146,0,44.2687,,,,,,,,"11/03/2022, 23:07:51"
,excluding overdraft,,28.9897,0,0,18.3629,37.7603,0,40.8,,,,,,,,"11/03/2022, 23:07:51"
,including by original maturity,up to 1 year,30.3539,0,0,19.0551,38.3145,0,40.8,,,,,,,,"11/03/2022, 23:07:51"
,,over 1 year and up to 5 years,23.8675,0,0,16.5793,35.5836,0,0,,,,,,,,"11/03/2022, 23:07:51"
,,over 5 years,25.3936,0,0,0,25.3936,0,0,,,,,,,,"11/03/2022, 23:07:51"
including by currencies,in national currency,total,26.9347,0,0,18.4523,37.26,0,44.2487,,,,,,,,"11/03/2022, 23:07:51"
,,overdraft,20.04,0,0,17.1701,33.6097,0,44.3489,,,,,,,,"11/03/2022, 23:07:51"
,,excluding overdraft,30.0528,0,0,19.5812,37.7603,0,40.8,,,,,,,,"11/03/2022, 23:07:51"
,,up to 1 year,31.8121,0,0,20.952,38.3145,0,40.8,,,,,,,,"11/03/2022, 23:07:51"
,,over 1 year and up to 5 years,23.8675,0,0,16.5793,35.5836,0,0,,,,,,,,"11/03/2022, 23:07:51"
,,over 5 years,25.3936,0,0,0,25.3936,0,0,,,,,,,,"11/03/2022, 23:07:51"
,in foreign currency,total,9.0511,0,0,8.3208,40.6916,0,36.5,,,,,,,,"11/03/2022, 23:07:51"
,,overdraft,40.6916,0,0,0,40.6916,0,36.5,,,,,,,,"11/03/2022, 23:07:51"
,,excluding overdraft,8.3208,0,0,8.3208,0,0,0,,,,,,,,"11/03/2022, 23:07:51"
,,up to 1 year,8.3208,0,0,8.3208,0,0,0,,,,,,,,"11/03/2022, 23:07:51"
,,over 1 year and up to 5 years,–,–,–,–,–,–,–,,,,,,,,"11/03/2022, 23:07:51"
,,over 5 years,–,–,–,–,–,–,–,,,,,,,,"11/03/2022, 23:07:51"
Volyn,,,22.161,0,0,18.0252,37.5756,18.0914,21.3284,,,,,,,,"11/03/2022, 23:07:51"
including,overdraft,,18.6674,0,0,16.6173,33.6331,0,0.0243,,,,,,,,"11/03/2022, 23:07:51"
,excluding overdraft,,22.855,0,0,18.3452,37.9865,18.0914,36.0049,,,,,,,,"11/03/2022, 23:07:51"
,including by original maturity,up to 1 year,23.2989,0,0,18.662,38.7044,0,36.0049,,,,,,,,"11/03/2022, 23:07:51"
,,over 1 year and up to 5 years,17.3427,0,0,14.4485,28.7644,0,0,,,,,,,,"11/03/2022, 23:07:51"
,,over 5 years,18.9133,0,0,0,20.3234,18.0914,0,,,,,,,,"11/03/2022, 23:07:51"
including by currencies,in national currency,total,22.3412,0,0,18.2093,37.562,18.0914,21.3284,,,,,,,,"11/03/2022, 23:07:51"
,,overdraft,18.6005,0,0,16.6173,33.3986,0,0.0243,,,,,,,,"11/03/2022, 23:07:51"
,,excluding overdraft,23.0921,0,0,18.5774,37.9865,18.0914,36.0049,,,,,,,,"11/03/2022, 23:07:51"
,,up to 1 year,23.3227,0,0,18.686,38.7044,0,36.0049,,,,,,,,"11/03/2022, 23:07:51"
,,over 1 year and up to 5 years,19.7682,0,0,16.8963,28.7644,0,0,,,,,,,,"11/03/2022, 23:07:51"
,,over 5 years,18.9133,0,0,0,20.3234,18.0914,0,,,,,,,,"11/03/2022, 23:07:51"
,in foreign currency,total,6.3376,0,0,4.8237,44.2226,0,0,,,,,,,,"11/03/2022, 23:07:51"
,,overdraft,44.2226,0,0,0,44.2226,0,0,,,,,,,,"11/03/2022, 23:07:51"
,,excluding overdraft,4.8237,0,0,4.8237,0,0,0,,,,,,,,"11/03/2022, 23:07:51"
,,up to 1 year,2.51,0,0,2.51,0,0,0,,,,,,,,"11/03/2022, 23:07:51"
,,over 1 year and up to 5 years,5.0287,0,0,5.0287,0,0,0,,,,,,,,"11/03/2022, 23:07:51"
,,over 5 years,–,–,–,–,–,–,–,,,,,,,,"11/03/2022, 23:07:51"
Dnipropetrovsk,,,22.2455,26.0139,0,18.283,36.3175,72.5251,36.0519,,,,,,,,"11/03/2022, 23:07:51"
including,overdraft,,22.3983,26.0139,0,16.1372,37.0241,72.5251,37.8979,,,,,,,,"11/03/2022, 23:07:51"
,excluding overdraft,,22.2197,0,0,18.6024,36.1449,0,35.9617,,,,,,,,"11/03/2022, 23:07:51"
,including by original maturity,up to 1 year,23.089,0,0,18.8629,36.3896,0,35.9617,,,,,,,,"11/03/2022, 23:07:51"
,,over 1 year and up to 5 years,19.1905,0,0,17.8652,35.6548,0,0,,,,,,,,"11/03/2022, 23:07:51"
,,over 5 years,15.6611,0,0,6,17.5536,0,0,,,,,,,,"11/03/2022, 23:07:51"
including by currencies,in national currency,total,22.7625,26.0139,0,18.8008,36.3073,72.5251,36.0506,,,,,,,,"11/03/2022, 23:07:51"
,,overdraft,22.3234,26.0139,0,16.1372,36.9693,72.5251,37.988,,,,,,,,"11/03/2022, 23:07:51"
,,excluding overdraft,22.8394,0,0,19.2164,36.1477,0,35.9617,,,,,,,,"11/03/2022, 23:07:51"
,,up to 1 year,23.7935,0,0,19.5743,36.3896,0,35.9617,,,,,,,,"11/03/2022, 23:07:51"
,,over 1 year and up to 5 years,19.5295,0,0,18.1942,35.6548,0,0,,,,,,,,"11/03/2022, 23:07:51"
,,over 5 years,17.6579,0,0,0,17.6579,0,0,,,,,,,,"11/03/2022, 23:07:51"
,in foreign currency,total,6.4895,0,0,5.8468,40.0748,0,36.5,,,,,,,,"11/03/2022, 23:07:51"
,,overdraft,41.0423,0,0,0,41.0423,0,36.5,,,,,,,,"11/03/2022, 23:07:51"
,,excluding overdraft,5.8473,0,0,5.8468,6.8559,0,0,,,,,,,,"11/03/2022, 23:07:51"
,,up to 1 year,5.7333,0,0,5.7333,0,0,0,,,,,,,,"11/03/2022, 23:07:51"
,,over 1 year and up to 5 years,6.4458,0,0,6.4458,0,0,0,,,,,,,,"11/03/2022, 23:07:51"
,,over 5 years,6.0402,0,0,6,6.8559,0,0,,,,,,,,"11/03/2022, 23:07:51"
Donetsk,,,34.997,0,0,15.5256,39.7459,0,35.9982,,,,,,,,"11/03/2022, 23:07:51"
including,overdraft,,41.5027,0,0,12.84,42.2655,0,38,,,,,,,,"11/03/2022, 23:07:51"
,excluding overdraft,,33.174,0,0,15.6056,38.8365,0,35.9923,,,,,,,,"11/03/2022, 23:07:51"
,including by original maturity,up to 1 year,33.8732,0,0,16.3061,38.8434,0,35.9923,,,,,,,,"11/03/2022, 23:07:51"
,,over 1 year and up to 5 years,18.938,0,0,11.1906,43.8825,0,0,,,,,,,,"11/03/2022, 23:07:51"
,,over 5 years,14.2264,0,0,0,14.2264,0,0,,,,,,,,"11/03/2022, 23:07:51"
including by currencies,in national currency,total,34.9969,0,0,15.5256,39.7458,0,35.9923,,,,,,,,"11/03/2022, 23:07:51"
,,overdraft,41.5026,0,0,12.84,42.2654,0,0,,,,,,,,"11/03/2022, 23:07:51"
,,excluding overdraft,33.174,0,0,15.6056,38.8365,0,35.9923,,,,,,,,"11/03/2022, 23:07:51"
,,up to 1 year,33.8732,0,0,16.3061,38.8434,0,35.9923,,,,,,,,"11/03/2022, 23:07:51"
,,over 1 year and up to 5 years,18.938,0,0,11.1906,43.8825,0,0,,,,,,,,"11/03/2022, 23:07:51"
,,over 5 years,14.2264,0,0,0,14.2264,0,0,,,,,,,,"11/03/2022, 23:07:51"
,in foreign currency,total,43.0706,0,0,0,43.0706,0,38,,,,,,,,"11/03/2022, 23:07:51"
,,overdraft,43.0706,0,0,0,43.0706,0,38,,,,,,,,"11/03/2022, 23:07:51"
,,excluding overdraft,–,–,–,–,–,–,–,,,,,,,,"11/03/2022, 23:07:51"
,,up to 1 year,–,–,–,–,–,–,–,,,,,,,,"11/03/2022, 23:07:51"
,,over 1 year and up to 5 years,–,–,–,–,–,–,–,,,,,,,,"11/03/2022, 23:07:51"
,,over 5 years,–,–,–,–,–,–,–,,,,,,,,"11/03/2022, 23:07:51"
Zhytomyr,,,27.9432,0,0,17.4931,36.8623,74,36.3409,,,,,,,,"11/03/2022, 23:07:51"
including,overdraft,,21.6208,0,0,18.303,35.9672,74,36.5,,,,,,,,"11/03/2022, 23:07:51"
,excluding overdraft,,30.8708,0,0,16.4696,36.9731,0,36.3371,,,,,,,,"11/03/2022, 23:07:51"
,including by original maturity,up to 1 year,33.9456,0,0,17.6656,37.5785,0,36.3371,,,,,,,,"11/03/2022, 23:07:51"
,,over 1 year and up to 5 years,19.5343,0,0,15.354,31.3184,0,0,,,,,,,,"11/03/2022, 23:07:51"
,,over 5 years,17.1818,0,0,0,17.1818,0,0,,,,,,,,"11/03/2022, 23:07:51"
including by currencies,in national currency,total,28.051,0,0,17.6389,36.8592,74,36.3371,,,,,,,,"11/03/2022, 23:07:51"
,,overdraft,21.5451,0,0,18.303,35.9165,74,0,,,,,,,,"11/03/2022, 23:07:51"
,,excluding overdraft,31.073,0,0,16.7773,36.9731,0,36.3371,,,,,,,,"11/03/2022, 23:07:51"
,,up to 1 year,34.2336,0,0,18.39,37.5785,0,36.3371,,,,,,,,"11/03/2022, 23:07:51"
,,over 1 year and up to 5 years,19.5343,0,0,15.354,31.3184,0,0,,,,,,,,"11/03/2022, 23:07:51"
,,over 5 years,17.1818,0,0,0,17.1818,0,0,,,,,,,,"11/03/2022, 23:07:51"
,in foreign currency,total,12.0804,0,0,4.95,37.9856,0,36.5,,,,,,,,"11/03/2022, 23:07:51"
,,overdraft,37.9856,0,0,0,37.9856,0,36.5,,,,,,,,"11/03/2022, 23:07:51"
,,excluding overdraft,4.95,0,0,4.95,0,0,0,,,,,,,,"11/03/2022, 23:07:51"
,,up to 1 year,4.95,0,0,4.95,0,0,0,,,,,,,,"11/03/2022, 23:07:51"
,,over 1 year and up to 5 years,–,–,–,–,–,–,–,,,,,,,,"11/03/2022, 23:07:51"
,,over 5 years,–,–,–,–,–,–,–,,,,,,,,"11/03/2022, 23:07:51"
Zakarpattia,,,27.4793,0,20,16.7026,36.7453,20.3379,36.3895,,,,,,,,"11/03/2022, 23:07:51"
including,overdraft,,21.5982,0,20,18.0484,33.8187,20.3379,36.7836,,,,,,,,"11/03/2022, 23:07:51"
,excluding overdraft,,29.9583,0,0,15.3894,37.1573,0,36.0508,,,,,,,,"11/03/2022, 23:07:51"
,including by original maturity,up to 1 year,32.4434,0,0,16.0798,38.7062,0,36.0508,,,,,,,,"11/03/2022, 23:07:51"
,,over 1 year and up to 5 years,18.8955,0,0,13.8951,26.6205,0,0,,,,,,,,"11/03/2022, 23:07:51"
,,over 5 years,17.9717,0,0,0,17.9717,0,0,,,,,,,,"11/03/2022, 23:07:51"
including by currencies,in national currency,total,28.5801,0,20,17.9882,36.7454,20.3379,36.3732,,,,,,,,"11/03/2022, 23:07:51"
,,overdraft,22.0919,0,20,18.5479,33.8143,20.3379,36.8849,,,,,,,,"11/03/2022, 23:07:51"
,,excluding overdraft,31.3772,0,0,17.3619,37.1573,0,36.0508,,,,,,,,"11/03/2022, 23:07:51"
,,up to 1 year,33.3131,0,0,17.4991,38.7062,0,36.0508,,,,,,,,"11/03/2022, 23:07:51"
,,over 1 year and up to 5 years,21.575,0,0,16.9906,26.6205,0,0,,,,,,,,"11/03/2022, 23:07:51"
,,over 5 years,17.9717,0,0,0,17.9717,0,0,,,,,,,,"11/03/2022, 23:07:51"
,in foreign currency,total,5.8,0,0,5.7321,36.5525,0,36.5058,,,,,,,,"11/03/2022, 23:07:51"
,,overdraft,7.225,0,0,6.9043,36.5525,0,36.5058,,,,,,,,"11/03/2022, 23:07:51"
,,excluding overdraft,5.4354,0,0,5.4354,0,0,0,,,,,,,,"11/03/2022, 23:07:51"
,,up to 1 year,4.471,0,0,4.471,0,0,0,,,,,,,,"11/03/2022, 23:07:51"
,,over 1 year and up to 5 years,6.2262,0,0,6.2262,0,0,0,,,,,,,,"11/03/2022, 23:07:51"
,,over 5 years,–,–,–,–,–,–,–,,,,,,,,"11/03/2022, 23:07:51"
Zaporizhzhia,,,20.0951,30,0,13.44,39.4526,0,36.5036,,,,,,,,"11/03/2022, 23:07:51"
including,overdraft,,28.0144,30,0,15.3685,42.1751,0,38.1371,,,,,,,,"11/03/2022, 23:07:51"
,excluding overdraft,,19.0758,0,0,13.2702,38.7277,0,36.0965,,,,,,,,"11/03/2022, 23:07:51"
,including by original maturity,up to 1 year,21.9197,0,0,15.3582,39.1152,0,36.0965,,,,,,,,"11/03/2022, 23:07:51"
,,over 1 year and up to 5 years,18.8067,0,0,14.4818,37.3845,0,0,,,,,,,,"11/03/2022, 23:07:51"
,,over 5 years,5.4409,0,0,5.2119,18.061,0,0,,,,,,,,"11/03/2022, 23:07:51"
including by currencies,in national currency,total,23.5882,30,0,16.2306,39.4551,0,36.2972,,,,,,,,"11/03/2022, 23:07:51"
,,overdraft,27.9973,30,0,15.3685,42.1684,0,37.7645,,,,,,,,"11/03/2022, 23:07:51"
,,excluding overdraft,22.8636,0,0,16.3363,38.7341,0,36.0965,,,,,,,,"11/03/2022, 23:07:51"
,,up to 1 year,23.1251,0,0,16.3557,39.1152,0,36.0965,,,,,,,,"11/03/2022, 23:07:51"
,,over 1 year and up to 5 years,20.7558,0,0,16.1863,37.3845,0,0,,,,,,,,"11/03/2022, 23:07:51"
,,over 5 years,18.2448,0,0,0,18.2448,0,0,,,,,,,,"11/03/2022, 23:07:51"
,in foreign currency,total,5.4814,0,0,5.4578,35.2642,0,38.5907,,,,,,,,"11/03/2022, 23:07:51"
,,overdraft,45.4243,0,0,0,45.4243,0,38.5907,,,,,,,,"11/03/2022, 23:07:51"
,,excluding overdraft,5.4582,0,0,5.4578,7.0887,0,0,,,,,,,,"11/03/2022, 23:07:51"
,,up to 1 year,6.2452,0,0,6.2452,0,0,0,,,,,,,,"11/03/2022, 23:07:51"
,,over 1 year and up to 5 years,5.0348,0,0,5.0348,0,0,0,,,,,,,,"11/03/2022, 23:07:51"
,,over 5 years,5.2125,0,0,5.2119,7.0887,0,0,,,,,,,,"11/03/2022, 23:07:51"
Ivano-Frankivsk,,,26.4355,0,16.8,15.7728,37.7058,18.0002,35.0496,,,,,,,,"11/03/2022, 23:07:51"
including,overdraft,,22.0702,0,16.8,17.269,35.1284,18.0002,34.9847,,,,,,,,"11/03/2022, 23:07:51"
,excluding overdraft,,27.4123,0,0,15.2523,37.9954,0,35.0503,,,,,,,,"11/03/2022, 23:07:51"
,including by original maturity,up to 1 year,31.6253,0,0,18.5182,38.6435,0,35.0503,,,,,,,,"11/03/2022, 23:07:51"
,,over 1 year and up to 5 years,21.3259,0,0,16.2439,33.5813,0,0,,,,,,,,"11/03/2022, 23:07:51"
,,over 5 years,6.2194,0,0,5.5859,17.2394,0,0,,,,,,,,"11/03/2022, 23:07:51"
including by currencies,in national currency,total,28.557,0,16.8,18.1362,37.7506,18.0002,35.0456,,,,,,,,"11/03/2022, 23:07:51"
,,overdraft,21.7627,0,16.8,17.269,34.9888,18.0002,34.5115,,,,,,,,"11/03/2022, 23:07:51"
,,excluding overdraft,30.2301,0,0,18.5302,38.0377,0,35.0503,,,,,,,,"11/03/2022, 23:07:51"
,,up to 1 year,32.3449,0,0,19.5377,38.6435,0,35.0503,,,,,,,,"11/03/2022, 23:07:51"
,,over 1 year and up to 5 years,21.4565,0,0,16.3047,34.0163,0,0,,,,,,,,"11/03/2022, 23:07:51"
,,over 5 years,17.9168,0,0,18.25,17.2394,0,0,,,,,,,,"11/03/2022, 23:07:51"
,in foreign currency,total,5.8764,0,0,4.5474,32.8052,0,36.5,,,,,,,,"11/03/2022, 23:07:51"
,,overdraft,36.825,0,0,0,36.825,0,36.5,,,,,,,,"11/03/2022, 23:07:51"
,,excluding overdraft,4.5902,0,0,4.5474,10.3072,0,0,,,,,,,,"11/03/2022, 23:07:51"
,,up to 1 year,7.0291,0,0,7.0291,0,0,0,,,,,,,,"11/03/2022, 23:07:51"
,,over 1 year and up to 5 years,9.3052,0,0,8.3017,10.3072,0,0,,,,,,,,"11/03/2022, 23:07:51"
,,over 5 years,3.91,0,0,3.91,0,0,0,,,,,,,,"11/03/2022, 23:07:51"
Kyiv region and the city of Kyiv,,,16.608528831729316,14.964235329212595,22,15.810948556382606,23.554020155145654,5.061799128906114,0.9386142356364466,,,,,,,,"11/03/2022, 23:07:51"
including,overdraft,,15.713846517980743,21.829792527474396,–,17.45404298480236,14.210621630910527,20.54178125,36.516241220626625,,,,,,,,"11/03/2022, 23:07:51"
,excluding overdraft,,16.698769088127307,13.9133,22,15.733299492865193,32.38624344471125,4.995,0.9261395366779903,,,,,,,,"11/03/2022, 23:07:51"
,including by original maturity,up to 1 year,16.773487002938634,13.6445,–,15.954297417763401,33.806876471331954,4.995,0.9246395404559477,,,,,,,,"11/03/2022, 23:07:51"
,,over 1 year and up to 5 years,15.91157313724133,17.4664,22,12.191532378789828,29.56332765865868,–,28.3333,,,,,,,,"11/03/2022, 23:07:51"
,,over 5 years,14.117443691073792,–,–,9.0579,23.930402767408633,–,–,,,,,,,,"11/03/2022, 23:07:51"
including by currencies,in national currency,total,20.835337148288655,14.964235329212595,22,20.44945027607735,23.541661566292454,12.500518760907505,34.16709699078813,,,,,,,,"11/03/2022, 23:07:51"
,,overdraft,15.868334564298316,21.829792527474396,–,17.957773414446287,14.137984719174272,20.54178125,36.53245442259092,,,,,,,,"11/03/2022, 23:07:51"
,,excluding overdraft,21.54263483572316,13.9133,22,20.618268513619228,32.41027173431115,12.3383,30.290961559236585,,,,,,,,"11/03/2022, 23:07:51"
,,up to 1 year,21.75838855687074,13.6445,–,20.963303364775363,33.81708099394914,12.3383,31.011779822616408,,,,,,,,"11/03/2022, 23:07:51"
,,over 1 year and up to 5 years,18.265294453374146,17.4664,22,14.302635064768028,29.56332765865868,–,28.3333,,,,,,,,"11/03/2022, 23:07:51"
,,over 5 years,22.53873802669409,–,–,19.6633,24.126447220339347,–,–,,,,,,,,"11/03/2022, 23:07:51"
,in foreign currency,total,5.543524489142513,–,–,5.527173577160291,29.94501410736124,3,0.9201,,,,,,,,"11/03/2022, 23:07:51"
,,overdraft,5.914827682021743,–,–,1.9837,37.37495891277551,–,34.8831,,,,,,,,"11/03/2022, 23:07:51"
,,excluding overdraft,5.541656047136014,–,–,5.5434733121661965,2.850717211353613,3,0.92,,,,,,,,"11/03/2022, 23:07:51"
,,up to 1 year,5.5659474549616625,–,–,5.5675717234687285,2.5814766178554556,3,0.92,,,,,,,,"11/03/2022, 23:07:51"
,,over 1 year and up to 5 years,–,–,–,–,–,–,–,,,,,,,,"11/03/2022, 23:07:51"
,,over 5 years,–,–,–,–,–,–,–,,,,,,,,"11/03/2022, 23:07:51"
Kirovohrad,,,25.8787,17.1874,0,18.5707,37.7336,15.75,38.5979,,,,,,,,"11/03/2022, 23:07:51"
including,overdraft,,20.165,17.1874,0,17.2508,34.3806,0,37.8086,,,,,,,,"11/03/2022, 23:07:51"
,excluding overdraft,,27.6569,0,0,19.1865,38.1305,15.75,40.8,,,,,,,,"11/03/2022, 23:07:51"
,including by original maturity,up to 1 year,29.1052,0,0,19.9006,38.3211,0,40.8,,,,,,,,"11/03/2022, 23:07:51"
,,over 1 year and up to 5 years,20.933,0,0,16.7401,36.8679,0,0,,,,,,,,"11/03/2022, 23:07:51"
,,over 5 years,18.395,0,0,18.4,19.4008,15.75,0,,,,,,,,"11/03/2022, 23:07:51"
including by currencies,in national currency,total,26.034,17.1874,0,18.7179,37.7332,15.75,38.7133,,,,,,,,"11/03/2022, 23:07:51"
,,overdraft,20.1536,17.1874,0,17.2508,34.3652,0,37.9083,,,,,,,,"11/03/2022, 23:07:51"
,,excluding overdraft,27.885,0,0,19.4174,38.1305,15.75,40.8,,,,,,,,"11/03/2022, 23:07:51"
,,up to 1 year,29.4015,0,0,20.2304,38.3211,0,40.8,,,,,,,,"11/03/2022, 23:07:51"
,,over 1 year and up to 5 years,20.933,0,0,16.7401,36.8679,0,0,,,,,,,,"11/03/2022, 23:07:51"
,,over 5 years,18.395,0,0,18.4,19.4008,15.75,0,,,,,,,,"11/03/2022, 23:07:51"
,in foreign currency,total,9.1785,0,0,8.7005,38.5676,0,36.5,,,,,,,,"11/03/2022, 23:07:51"
,,overdraft,38.5676,0,0,0,38.5676,0,36.5,,,,,,,,"11/03/2022, 23:07:51"
,,excluding overdraft,8.7005,0,0,8.7005,0,0,0,,,,,,,,"11/03/2022, 23:07:51"
,,up to 1 year,8.7005,0,0,8.7005,0,0,0,,,,,,,,"11/03/2022, 23:07:51"
,,over 1 year and up to 5 years,–,–,–,–,–,–,–,,,,,,,,"11/03/2022, 23:07:51"
,,over 5 years,–,–,–,–,–,–,–,,,,,,,,"11/03/2022, 23:07:51"
Luhansk,,,31.5504,0,0,12.2834,37.4364,0,0,,,,,,,,"11/03/2022, 23:07:51"
including,overdraft,,16.4418,0,0,12.2834,41.0083,0,0,,,,,,,,"11/03/2022, 23:07:51"
,excluding overdraft,,37.2416,0,0,0,37.2416,0,0,,,,,,,,"11/03/2022, 23:07:51"
,including by original maturity,up to 1 year,37.6662,0,0,0,37.6662,0,0,,,,,,,,"11/03/2022, 23:07:51"
,,over 1 year and up to 5 years,33.0293,0,0,0,33.0293,0,0,,,,,,,,"11/03/2022, 23:07:51"
,,over 5 years,11.2859,0,0,0,11.2859,0,0,,,,,,,,"11/03/2022, 23:07:51"
including by currencies,in national currency,total,31.5504,0,0,12.2834,37.4364,0,0,,,,,,,,"11/03/2022, 23:07:51"
,,overdraft,16.4418,0,0,12.2834,41.0083,0,0,,,,,,,,"11/03/2022, 23:07:51"
,,excluding overdraft,37.2416,0,0,0,37.2416,0,0,,,,,,,,"11/03/2022, 23:07:51"
,,up to 1 year,37.6662,0,0,0,37.6662,0,0,,,,,,,,"11/03/2022, 23:07:51"
,,over 1 year and up to 5 years,33.0293,0,0,0,33.0293,0,0,,,,,,,,"11/03/2022, 23:07:51"
,,over 5 years,11.2859,0,0,0,11.2859,0,0,,,,,,,,"11/03/2022, 23:07:51"
,in foreign currency,total,–,–,–,–,–,–,–,,,,,,,,"11/03/2022, 23:07:51"
,,overdraft,–,–,–,–,–,–,–,,,,,,,,"11/03/2022, 23:07:51"
,,excluding overdraft,–,–,–,–,–,–,–,,,,,,,,"11/03/2022, 23:07:51"
,,up to 1 year,–,–,–,–,–,–,–,,,,,,,,"11/03/2022, 23:07:51"
,,over 1 year and up to 5 years,–,–,–,–,–,–,–,,,,,,,,"11/03/2022, 23:07:51"
,,over 5 years,–,–,–,–,–,–,–,,,,,,,,"11/03/2022, 23:07:51"
Lviv,,,20.9012,18.926,0,14.4643,37.0309,19.8384,40.7587,,,,,,,,"11/03/2022, 23:07:51"
including,overdraft,,21.2808,0,0,18.578,32.9077,0,33.1026,,,,,,,,"11/03/2022, 23:07:51"
,excluding overdraft,,20.8166,18.926,0,13.39,37.5963,19.8384,40.7753,,,,,,,,"11/03/2022, 23:07:51"
,including by original maturity,up to 1 year,20.9883,15.5,0,13.249,38.4009,0,40.776,,,,,,,,"11/03/2022, 23:07:51"
,,over 1 year and up to 5 years,20.6647,24.5019,0,14.8913,34.2469,20.74,36,,,,,,,,"11/03/2022, 23:07:51"
,,over 5 years,9.4747,0,0,4.6,17.8346,18.2569,0,,,,,,,,"11/03/2022, 23:07:51"
including by currencies,in national currency,total,25.8454,18.926,0,19.2236,37.1972,19.8384,40.7587,,,,,,,,"11/03/2022, 23:07:51"
,,overdraft,21.2013,0,0,18.578,33.3618,0,33.0997,,,,,,,,"11/03/2022, 23:07:51"
,,excluding overdraft,27.2719,18.926,0,19.5092,37.6867,19.8384,40.7753,,,,,,,,"11/03/2022, 23:07:51"
,,up to 1 year,28.2819,15.5,0,20.2097,38.424,0,40.776,,,,,,,,"11/03/2022, 23:07:51"
,,over 1 year and up to 5 years,22.6182,24.5019,0,16.6452,34.4974,20.74,36,,,,,,,,"11/03/2022, 23:07:51"
,,over 5 years,19.0415,0,0,0,19.1133,18.2569,0,,,,,,,,"11/03/2022, 23:07:51"
,in foreign currency,total,4.8148,0,0,4.571,22.4334,0,36.5,,,,,,,,"11/03/2022, 23:07:51"
,,overdraft,27.0539,0,0,0,27.0539,0,36.5,,,,,,,,"11/03/2022, 23:07:51"
,,excluding overdraft,4.5783,0,0,4.571,6.8825,0,0,,,,,,,,"11/03/2022, 23:07:51"
,,up to 1 year,4.4846,0,0,4.4814,8.5834,0,0,,,,,,,,"11/03/2022, 23:07:51"
,,over 1 year and up to 5 years,6.0981,0,0,6.0277,8.8995,0,0,,,,,,,,"11/03/2022, 23:07:51"
,,over 5 years,4.5352,0,0,4.6,3.0117,0,0,,,,,,,,"11/03/2022, 23:07:51"
Mykolaiv,,,17.1435,0,0,11.4585,39.0211,0,36.0536,,,,,,,,"11/03/2022, 23:07:51"
including,overdraft,,20.6838,0,0,16.8801,35.6903,0,0,,,,,,,,"11/03/2022, 23:07:51"
,excluding overdraft,,16.6156,0,0,10.6453,39.5066,0,36.0536,,,,,,,,"11/03/2022, 23:07:51"
,including by original maturity,up to 1 year,15.9599,0,0,10.4078,39.2271,0,36.0536,,,,,,,,"11/03/2022, 23:07:51"
,,over 1 year and up to 5 years,28.5425,0,0,16.9367,43.9712,0,0,,,,,,,,"11/03/2022, 23:07:51"
,,over 5 years,23.0018,0,0,0,23.0018,0,0,,,,,,,,"11/03/2022, 23:07:51"
including by currencies,in national currency,total,25.1629,0,0,17.8999,39.075,0,36.0536,,,,,,,,"11/03/2022, 23:07:51"
,,overdraft,21.1996,0,0,17.3862,35.6915,0,0,,,,,,,,"11/03/2022, 23:07:51"
,,excluding overdraft,26.2129,0,0,18.0733,39.5682,0,36.0536,,,,,,,,"11/03/2022, 23:07:51"
,,up to 1 year,25.9766,0,0,18.1791,39.2271,0,36.0536,,,,,,,,"11/03/2022, 23:07:51"
,,over 1 year and up to 5 years,28.5425,0,0,16.9367,43.9712,0,0,,,,,,,,"11/03/2022, 23:07:51"
,,over 5 years,25.6094,0,0,0,25.6094,0,0,,,,,,,,"11/03/2022, 23:07:51"
,in foreign currency,total,5.1049,0,0,5.0992,10.87,0,0,,,,,,,,"11/03/2022, 23:07:51"
,,overdraft,4.6998,0,0,4.3,35.0482,0,0,,,,,,,,"11/03/2022, 23:07:51"
,,excluding overdraft,5.109,0,0,5.1073,7.1406,0,0,,,,,,,,"11/03/2022, 23:07:51"
,,up to 1 year,5.1073,0,0,5.1073,0,0,0,,,,,,,,"11/03/2022, 23:07:51"
,,over 1 year and up to 5 years,–,–,–,–,–,–,–,,,,,,,,"11/03/2022, 23:07:51"
,,over 5 years,7.1406,0,0,0,7.1406,0,0,,,,,,,,"11/03/2022, 23:07:51"
Odesa,,,18.1879,17.909,0,16.7417,35.457,19.1959,40.2338,,,,,,,,"11/03/2022, 23:07:51"
including,overdraft,,21.5801,12,0,16.9412,36.8043,19.1959,45.064,,,,,,,,"11/03/2022, 23:07:51"
,excluding overdraft,,18.0158,17.9181,0,16.7332,35.2237,0,35.9052,,,,,,,,"11/03/2022, 23:07:51"
,including by original maturity,up to 1 year,17.9569,28.1178,0,16.7077,35.4838,0,35.897,,,,,,,,"11/03/2022, 23:07:51"
,,over 1 year and up to 5 years,20.2364,16.6477,0,18.8732,34.97,0,39.6,,,,,,,,"11/03/2022, 23:07:51"
,,over 5 years,11.8924,0,0,5.3698,14.5418,0,0,,,,,,,,"11/03/2022, 23:07:51"
including by currencies,in national currency,total,19.0433,17.952,0,17.6038,35.4551,19.1959,38.2899,,,,,,,,"11/03/2022, 23:07:51"
,,overdraft,21.057,12,0,16.9412,36.4671,19.1959,42.4017,,,,,,,,"11/03/2022, 23:07:51"
,,excluding overdraft,18.9366,17.9612,0,17.6342,35.3011,0,35.9052,,,,,,,,"11/03/2022, 23:07:51"
,,up to 1 year,18.9003,28.1178,0,17.6202,35.4838,0,35.897,,,,,,,,"11/03/2022, 23:07:51"
,,over 1 year and up to 5 years,20.2603,16.6917,0,18.8732,34.97,0,39.6,,,,,,,,"11/03/2022, 23:07:51"
,,over 5 years,13.0733,0,0,5.3698,17.2085,0,0,,,,,,,,"11/03/2022, 23:07:51"
,in foreign currency,total,6.4777,4.0655,0,5.7942,35.5468,0,49.9479,,,,,,,,"11/03/2022, 23:07:51"
,,overdraft,39.2,0,0,0,39.2,0,49.9479,,,,,,,,"11/03/2022, 23:07:51"
,,excluding overdraft,5.7944,4.0655,0,5.7942,6.2481,0,0,,,,,,,,"11/03/2022, 23:07:51"
,,up to 1 year,5.7942,0,0,5.7942,0,0,0,,,,,,,,"11/03/2022, 23:07:51"
,,over 1 year and up to 5 years,4.0655,4.0655,0,0,0,0,0,,,,,,,,"11/03/2022, 23:07:51"
,,over 5 years,6.2481,0,0,0,6.2481,0,0,,,,,,,,"11/03/2022, 23:07:51"
Poltava,,,24.0494,0,11.01,15.5895,37.9748,0,36.0433,,,,,,,,"11/03/2022, 23:07:51"
including,overdraft,,20.1096,0,11.01,15.9713,35.1034,0,43.4513,,,,,,,,"11/03/2022, 23:07:51"
,excluding overdraft,,25.1991,0,0,15.4376,38.4012,0,36.0113,,,,,,,,"11/03/2022, 23:07:51"
,including by original maturity,up to 1 year,25.6061,0,0,15.6013,38.3553,0,36.0113,,,,,,,,"11/03/2022, 23:07:51"
,,over 1 year and up to 5 years,22.4287,0,0,14.4999,39.7119,0,0,,,,,,,,"11/03/2022, 23:07:51"
,,over 5 years,25.8062,0,0,19.8849,27.0483,0,0,,,,,,,,"11/03/2022, 23:07:51"
including by currencies,in national currency,total,25.5081,0,11.01,17.0022,37.9604,0,36.043,,,,,,,,"11/03/2022, 23:07:51"
,,overdraft,19.8128,0,11.01,15.9713,34.7704,0,44.6546,,,,,,,,"11/03/2022, 23:07:51"
,,excluding overdraft,27.3176,0,0,17.4938,38.4012,0,36.0113,,,,,,,,"11/03/2022, 23:07:51"
,,up to 1 year,28.137,0,0,18.1633,38.3553,0,36.0113,,,,,,,,"11/03/2022, 23:07:51"
,,over 1 year and up to 5 years,22.4287,0,0,14.4999,39.7119,0,0,,,,,,,,"11/03/2022, 23:07:51"
,,over 5 years,25.8062,0,0,19.8849,27.0483,0,0,,,,,,,,"11/03/2022, 23:07:51"
,in foreign currency,total,6.6086,0,0,5.0925,39.5639,0,36.5,,,,,,,,"11/03/2022, 23:07:51"
,,overdraft,39.5639,0,0,0,39.5639,0,36.5,,,,,,,,"11/03/2022, 23:07:51"
,,excluding overdraft,5.0925,0,0,5.0925,0,0,0,,,,,,,,"11/03/2022, 23:07:51"
,,up to 1 year,5.0925,0,0,5.0925,0,0,0,,,,,,,,"11/03/2022, 23:07:51"
,,over 1 year and up to 5 years,–,–,–,–,–,–,–,,,,,,,,"11/03/2022, 23:07:51"
,,over 5 years,–,–,–,–,–,–,–,,,,,,,,"11/03/2022, 23:07:51"
Rivne,,,23.6408,0,0,12.1089,36.8921,17.86,36.7201,,,,,,,,"11/03/2022, 23:07:51"
including,overdraft,,20.3318,0,0,17.0365,34.1258,0,36.585,,,,,,,,"11/03/2022, 23:07:51"
,excluding overdraft,,24.8113,0,0,8.892,37.2283,17.86,36.7335,,,,,,,,"11/03/2022, 23:07:51"
,including by original maturity,up to 1 year,32.7871,0,0,8.6033,38.3924,0,36.7335,,,,,,,,"11/03/2022, 23:07:51"
,,over 1 year and up to 5 years,11.5383,0,0,8.9976,27.6878,0,0,,,,,,,,"11/03/2022, 23:07:51"
,,over 5 years,17.2609,0,0,0,17.1249,17.86,0,,,,,,,,"11/03/2022, 23:07:51"
including by currencies,in national currency,total,28.5199,0,0,17.0607,36.8567,17.86,36.7411,,,,,,,,"11/03/2022, 23:07:51"
,,overdraft,20.1485,0,0,17.0365,33.6802,0,39,,,,,,,,"11/03/2022, 23:07:51"
,,excluding overdraft,32.5355,0,0,17.1014,37.2283,17.86,36.7335,,,,,,,,"11/03/2022, 23:07:51"
,,up to 1 year,36.853,0,0,17.3314,38.3924,0,36.7335,,,,,,,,"11/03/2022, 23:07:51"
,,over 1 year and up to 5 years,20.0123,0,0,17.0306,27.6878,0,0,,,,,,,,"11/03/2022, 23:07:51"
,,over 5 years,17.2609,0,0,0,17.1249,17.86,0,,,,,,,,"11/03/2022, 23:07:51"
,in foreign currency,total,4.0901,0,0,3.6953,45.6196,0,36.5,,,,,,,,"11/03/2022, 23:07:51"
,,overdraft,45.6196,0,0,0,45.6196,0,36.5,,,,,,,,"11/03/2022, 23:07:51"
,,excluding overdraft,3.6953,0,0,3.6953,0,0,0,,,,,,,,"11/03/2022, 23:07:51"
,,up to 1 year,4.1025,0,0,4.1025,0,0,0,,,,,,,,"11/03/2022, 23:07:51"
,,over 1 year and up to 5 years,3.53,0,0,3.53,0,0,0,,,,,,,,"11/03/2022, 23:07:51"
,,over 5 years,–,–,–,–,–,–,–,,,,,,,,"11/03/2022, 23:07:51"
Sumy,,,22.802,0,0,14.9881,37.4205,13.5279,36.1338,,,,,,,,"11/03/2022, 23:07:51"
including,overdraft,,20.4184,0,0,17.2046,33.9015,74,0,,,,,,,,"11/03/2022, 23:07:51"
,excluding overdraft,,23.4388,0,0,14.2006,37.8842,13.52,36.1338,,,,,,,,"11/03/2022, 23:07:51"
,including by original maturity,up to 1 year,23.6249,0,0,14.0661,38.2325,0,36.1338,,,,,,,,"11/03/2022, 23:07:51"
,,over 1 year and up to 5 years,21.5595,0,0,15.7091,33.5726,0,0,,,,,,,,"11/03/2022, 23:07:51"
,,over 5 years,15.2074,0,0,0,19.0815,13.52,0,,,,,,,,"11/03/2022, 23:07:51"
including by currencies,in national currency,total,23.9338,0,0,16.0096,37.42,13.5279,36.1338,,,,,,,,"11/03/2022, 23:07:51"
,,overdraft,20.3909,0,0,17.2046,33.8688,74,0,,,,,,,,"11/03/2022, 23:07:51"
,,excluding overdraft,24.9561,0,0,15.5246,37.8842,13.52,36.1338,,,,,,,,"11/03/2022, 23:07:51"
,,up to 1 year,25.2984,0,0,15.5056,38.2325,0,36.1338,,,,,,,,"11/03/2022, 23:07:51"
,,over 1 year and up to 5 years,21.5595,0,0,15.7091,33.5726,0,0,,,,,,,,"11/03/2022, 23:07:51"
,,over 5 years,15.2074,0,0,0,19.0815,13.52,0,,,,,,,,"11/03/2022, 23:07:51"
,in foreign currency,total,5.0826,0,0,4.9,37.8593,0,0,,,,,,,,"11/03/2022, 23:07:51"
,,overdraft,37.8593,0,0,0,37.8593,0,0,,,,,,,,"11/03/2022, 23:07:51"
,,excluding overdraft,4.9,0,0,4.9,0,0,0,,,,,,,,"11/03/2022, 23:07:51"
,,up to 1 year,4.9,0,0,4.9,0,0,0,,,,,,,,"11/03/2022, 23:07:51"
,,over 1 year and up to 5 years,–,–,–,–,–,–,–,,,,,,,,"11/03/2022, 23:07:51"
,,over 5 years,–,–,–,–,–,–,–,,,,,,,,"11/03/2022, 23:07:51"
Ternopil,,,23.1022,0,0,16.0644,36.9296,74,41.3886,,,,,,,,"11/03/2022, 23:07:51"
including,overdraft,,20.0983,0,0,17.3079,33.1129,74,36.0569,,,,,,,,"11/03/2022, 23:07:51"
,excluding overdraft,,23.9783,0,0,15.5795,37.4412,0,41.9058,,,,,,,,"11/03/2022, 23:07:51"
,including by original maturity,up to 1 year,29.4053,0,0,18.6928,38.5614,0,41.9058,,,,,,,,"11/03/2022, 23:07:51"
,,over 1 year and up to 5 years,14.3877,0,0,12.8813,28.0456,0,0,,,,,,,,"11/03/2022, 23:07:51"
,,over 5 years,10.512,0,0,8.3016,18.359,0,0,,,,,,,,"11/03/2022, 23:07:51"
including by currencies,in national currency,total,24.4422,0,0,17.36,36.9751,74,41.3886,,,,,,,,"11/03/2022, 23:07:51"
,,overdraft,20.0468,0,0,17.3079,33.3528,74,36.0569,,,,,,,,"11/03/2022, 23:07:51"
,,excluding overdraft,25.8389,0,0,17.3837,37.4412,0,41.9058,,,,,,,,"11/03/2022, 23:07:51"
,,up to 1 year,29.565,0,0,18.8879,38.5614,0,41.9058,,,,,,,,"11/03/2022, 23:07:51"
,,over 1 year and up to 5 years,17.0892,0,0,15.5146,28.0456,0,0,,,,,,,,"11/03/2022, 23:07:51"
,,over 5 years,18.359,0,0,0,18.359,0,0,,,,,,,,"11/03/2022, 23:07:51"
,in foreign currency,total,5.3591,0,0,4.8486,27.3482,0,0,,,,,,,,"11/03/2022, 23:07:51"
,,overdraft,27.3482,0,0,0,27.3482,0,0,,,,,,,,"11/03/2022, 23:07:51"
,,excluding overdraft,4.8486,0,0,4.8486,0,0,0,,,,,,,,"11/03/2022, 23:07:51"
,,up to 1 year,5.1391,0,0,5.1391,0,0,0,,,,,,,,"11/03/2022, 23:07:51"
,,over 1 year and up to 5 years,4.1917,0,0,4.1917,0,0,0,,,,,,,,"11/03/2022, 23:07:51"
,,over 5 years,8.3016,0,0,8.3016,0,0,0,,,,,,,,"11/03/2022, 23:07:51"
Kharkiv,,,24.6127,0,0,16.4901,38.1715,14.7099,32.6767,,,,,,,,"11/03/2022, 23:07:51"
including,overdraft,,19.5618,0,0,14.9738,39.0996,7.3333,48.5707,,,,,,,,"11/03/2022, 23:07:51"
,excluding overdraft,,25.4122,0,0,16.8161,38.1023,14.71,24.9734,,,,,,,,"11/03/2022, 23:07:51"
,including by original maturity,up to 1 year,26.4526,0,0,17.3326,39.0966,0,24.9734,,,,,,,,"11/03/2022, 23:07:51"
,,over 1 year and up to 5 years,17.9113,0,0,13.51,36.7762,0,0,,,,,,,,"11/03/2022, 23:07:51"
,,over 5 years,12.0612,0,0,0,12.0358,14.71,0,,,,,,,,"11/03/2022, 23:07:51"
including by currencies,in national currency,total,25.433,0,0,17.2573,38.1697,14.7099,32.666,,,,,,,,"11/03/2022, 23:07:51"
,,overdraft,19.5457,0,0,14.9738,39.0769,7.3333,48.6748,,,,,,,,"11/03/2022, 23:07:51"
,,excluding overdraft,26.4118,0,0,17.7919,38.1023,14.71,24.9734,,,,,,,,"11/03/2022, 23:07:51"
,,up to 1 year,27.6466,0,0,18.5301,39.0966,0,24.9734,,,,,,,,"11/03/2022, 23:07:51"
,,over 1 year and up to 5 years,17.9113,0,0,13.51,36.7762,0,0,,,,,,,,"11/03/2022, 23:07:51"
,,over 5 years,12.0612,0,0,0,12.0358,14.71,0,,,,,,,,"11/03/2022, 23:07:51"
,in foreign currency,total,5.881,0,0,5.8014,46.2098,0,36.5,,,,,,,,"11/03/2022, 23:07:51"
,,overdraft,46.2098,0,0,0,46.2098,0,36.5,,,,,,,,"11/03/2022, 23:07:51"
,,excluding overdraft,5.8014,0,0,5.8014,0,0,0,,,,,,,,"11/03/2022, 23:07:51"
,,up to 1 year,5.8014,0,0,5.8014,0,0,0,,,,,,,,"11/03/2022, 23:07:51"
,,over 1 year and up to 5 years,–,–,–,–,–,–,–,,,,,,,,"11/03/2022, 23:07:51"
,,over 5 years,–,–,–,–,–,–,–,,,,,,,,"11/03/2022, 23:07:51"
Kherson,,,27.6192,0,0,8.8914,39.2865,13.39,44.2864,,,,,,,,"11/03/2022, 23:07:51"
including,overdraft,,36.5974,0,0,18.0815,38.772,0,44.3156,,,,,,,,"11/03/2022, 23:07:51"
,excluding overdraft,,26.3931,0,0,8.5754,39.3955,13.39,40.8,,,,,,,,"11/03/2022, 23:07:51"
,including by original maturity,up to 1 year,39.7701,0,0,14.6,39.8053,0,40.8,,,,,,,,"11/03/2022, 23:07:51"
,,over 1 year and up to 5 years,12.7546,0,0,8.5654,42.7495,13.39,0,,,,,,,,"11/03/2022, 23:07:51"
,,over 5 years,14.7376,0,0,7.8866,14.7742,0,0,,,,,,,,"11/03/2022, 23:07:51"
including by currencies,in national currency,total,36.9988,0,0,15.1741,39.2992,13.39,44.2864,,,,,,,,"11/03/2022, 23:07:51"
,,overdraft,36.533,0,0,18.0815,38.8195,0,44.3156,,,,,,,,"11/03/2022, 23:07:51"
,,excluding overdraft,37.0943,0,0,14.3868,39.3955,13.39,40.8,,,,,,,,"11/03/2022, 23:07:51"
,,up to 1 year,39.7701,0,0,14.6,39.8053,0,40.8,,,,,,,,"11/03/2022, 23:07:51"
,,over 1 year and up to 5 years,28.5994,0,0,14.3948,42.7495,13.39,0,,,,,,,,"11/03/2022, 23:07:51"
,,over 5 years,14.7376,0,0,7.8866,14.7742,0,0,,,,,,,,"11/03/2022, 23:07:51"
,in foreign currency,total,8.2502,0,0,7.73,37.9108,0,0,,,,,,,,"11/03/2022, 23:07:51"
,,overdraft,37.9108,0,0,0,37.9108,0,0,,,,,,,,"11/03/2022, 23:07:51"
,,excluding overdraft,7.73,0,0,7.73,0,0,0,,,,,,,,"11/03/2022, 23:07:51"
,,up to 1 year,–,–,–,–,–,–,–,,,,,,,,"11/03/2022, 23:07:51"
,,over 1 year and up to 5 years,7.73,0,0,7.73,0,0,0,,,,,,,,"11/03/2022, 23:07:51"
,,over 5 years,–,–,–,–,–,–,–,,,,,,,,"11/03/2022, 23:07:51"
Khmelnytskyi,,,23.25,0,0,15.9403,36.4938,0,36.0888,,,,,,,,"11/03/2022, 23:07:51"
including,overdraft,,20.0584,0,0,16.674,35.2519,0,36.5,,,,,,,,"11/03/2022, 23:07:51"
,excluding overdraft,,24.0541,0,0,15.6886,36.6365,0,36.065,,,,,,,,"11/03/2022, 23:07:51"
,including by original maturity,up to 1 year,26.9331,0,0,18.03,37.4767,0,36.065,,,,,,,,"11/03/2022, 23:07:51"
,,over 1 year and up to 5 years,12.7733,0,0,9.7126,28.8475,0,0,,,,,,,,"11/03/2022, 23:07:51"
,,over 5 years,16.3539,0,0,0,16.3539,0,0,,,,,,,,"11/03/2022, 23:07:51"
including by currencies,in national currency,total,24.9585,0,0,17.6396,36.4925,0,36.065,,,,,,,,"11/03/2022, 23:07:51"
,,overdraft,20.0272,0,0,16.674,35.2271,0,0,,,,,,,,"11/03/2022, 23:07:51"
,,excluding overdraft,26.3455,0,0,18.0416,36.6365,0,36.065,,,,,,,,"11/03/2022, 23:07:51"
,,up to 1 year,27.2928,0,0,18.4378,37.4767,0,36.065,,,,,,,,"11/03/2022, 23:07:51"
,,over 1 year and up to 5 years,19.7257,0,0,15.851,28.8475,0,0,,,,,,,,"11/03/2022, 23:07:51"
,,over 5 years,16.3539,0,0,0,16.3539,0,0,,,,,,,,"11/03/2022, 23:07:51"
,in foreign currency,total,4.8138,0,0,4.6761,37.8168,0,36.5,,,,,,,,"11/03/2022, 23:07:51"
,,overdraft,37.8168,0,0,0,37.8168,0,36.5,,,,,,,,"11/03/2022, 23:07:51"
,,excluding overdraft,4.6761,0,0,4.6761,0,0,0,,,,,,,,"11/03/2022, 23:07:51"
,,up to 1 year,4.3059,0,0,4.3059,0,0,0,,,,,,,,"11/03/2022, 23:07:51"
,,over 1 year and up to 5 years,4.7255,0,0,4.7255,0,0,0,,,,,,,,"11/03/2022, 23:07:51"
,,over 5 years,–,–,–,–,–,–,–,,,,,,,,"11/03/2022, 23:07:51"
Cherkasy,,,24.3477,13.8,0,17.0801,37.3153,30,36.0558,,,,,,,,"11/03/2022, 23:07:51"
including,overdraft,,19.2588,13.8,0,17.0427,31.9494,30,37.9111,,,,,,,,"11/03/2022, 23:07:51"
,excluding overdraft,,26.4585,0,0,17.1039,38.0568,0,36.0006,,,,,,,,"11/03/2022, 23:07:51"
,including by original maturity,up to 1 year,28.8089,0,0,18.5336,38.7051,0,36.0006,,,,,,,,"11/03/2022, 23:07:51"
,,over 1 year and up to 5 years,16.896,0,0,13.5749,32.7523,0,0,,,,,,,,"11/03/2022, 23:07:51"
,,over 5 years,16.0786,0,0,0,16.0786,0,0,,,,,,,,"11/03/2022, 23:07:51"
including by currencies,in national currency,total,24.9076,13.8,0,17.6479,37.3139,30,36.0558,,,,,,,,"11/03/2022, 23:07:51"
,,overdraft,19.2137,13.8,0,17.0427,31.8502,30,37.9111,,,,,,,,"11/03/2022, 23:07:51"
,,excluding overdraft,27.3619,0,0,18.0638,38.0568,0,36.0006,,,,,,,,"11/03/2022, 23:07:51"
,,up to 1 year,29.1581,0,0,18.9556,38.7051,0,36.0006,,,,,,,,"11/03/2022, 23:07:51"
,,over 1 year and up to 5 years,18.9752,0,0,15.4537,32.7523,0,0,,,,,,,,"11/03/2022, 23:07:51"
,,over 5 years,16.0786,0,0,0,16.0786,0,0,,,,,,,,"11/03/2022, 23:07:51"
,in foreign currency,total,5.5897,0,0,4.7824,37.99,0,0,,,,,,,,"11/03/2022, 23:07:51"
,,overdraft,37.99,0,0,0,37.99,0,0,,,,,,,,"11/03/2022, 23:07:51"
,,excluding overdraft,4.7824,0,0,4.7824,0,0,0,,,,,,,,"11/03/2022, 23:07:51"
,,up to 1 year,4.0962,0,0,4.0962,0,0,0,,,,,,,,"11/03/2022, 23:07:51"
,,over 1 year and up to 5 years,5.0488,0,0,5.0488,0,0,0,,,,,,,,"11/03/2022, 23:07:51"
,,over 5 years,–,–,–,–,–,–,–,,,,,,,,"11/03/2022, 23:07:51"
Chernivtsi,,,26.8432,0,0,16.1879,35.5608,0,36.7831,,,,,,,,"11/03/2022, 23:07:51"
including,overdraft,,18.1941,0,0,13.8537,32.4304,0,36.5,,,,,,,,"11/03/2022, 23:07:51"
,excluding overdraft,,30.0311,0,0,18.1655,35.9652,0,36.8062,,,,,,,,"11/03/2022, 23:07:51"
,including by original maturity,up to 1 year,33.74,0,0,19.89,37.904,0,36.8062,,,,,,,,"11/03/2022, 23:07:51"
,,over 1 year and up to 5 years,18.7545,0,0,16.2619,24.4902,0,0,,,,,,,,"11/03/2022, 23:07:51"
,,over 5 years,14.7613,0,0,0,14.7613,0,0,,,,,,,,"11/03/2022, 23:07:51"
including by currencies,in national currency,total,26.8432,0,0,16.1879,35.5608,0,36.8062,,,,,,,,"11/03/2022, 23:07:51"
,,overdraft,18.1938,0,0,13.8537,32.43,0,0,,,,,,,,"11/03/2022, 23:07:51"
,,excluding overdraft,30.0311,0,0,18.1655,35.9652,0,36.8062,,,,,,,,"11/03/2022, 23:07:51"
,,up to 1 year,33.74,0,0,19.89,37.904,0,36.8062,,,,,,,,"11/03/2022, 23:07:51"
,,over 1 year and up to 5 years,18.7545,0,0,16.2619,24.4902,0,0,,,,,,,,"11/03/2022, 23:07:51"
,,over 5 years,14.7613,0,0,0,14.7613,0,0,,,,,,,,"11/03/2022, 23:07:51"
,in foreign currency,total,37.0443,0,0,0,37.0443,0,36.5,,,,,,,,"11/03/2022, 23:07:51"
,,overdraft,37.0443,0,0,0,37.0443,0,36.5,,,,,,,,"11/03/2022, 23:07:51"
,,excluding overdraft,–,–,–,–,–,–,–,,,,,,,,"11/03/2022, 23:07:51"
,,up to 1 year,–,–,–,–,–,–,–,,,,,,,,"11/03/2022, 23:07:51"
,,over 1 year and up to 5 years,–,–,–,–,–,–,–,,,,,,,,"11/03/2022, 23:07:51"
,,over 5 years,–,–,–,–,–,–,–,,,,,,,,"11/03/2022, 23:07:51"
Chernihiv,,,27.6729,0,0,17.7749,36.9744,16.8,37.8907,,,,,,,,"11/03/2022, 23:07:51"
including,overdraft,,21.2543,0,0,18.3928,33.3954,16.8,38,,,,,,,,"11/03/2022, 23:07:51"
,excluding overdraft,,30.0379,0,0,17.2698,37.3703,0,36.2715,,,,,,,,"11/03/2022, 23:07:51"
,including by original maturity,up to 1 year,33.8181,0,0,16.3204,37.9251,0,36.2715,,,,,,,,"11/03/2022, 23:07:51"
,,over 1 year and up to 5 years,20.6452,0,0,17.8393,36.2293,0,0,,,,,,,,"11/03/2022, 23:07:51"
,,over 5 years,13.1793,0,0,0,13.1793,0,0,,,,,,,,"11/03/2022, 23:07:51"
including by currencies,in national currency,total,27.9907,0,0,18.1222,37.0189,16.8,37.8907,,,,,,,,"11/03/2022, 23:07:51"
,,overdraft,21.2388,0,0,18.3928,33.3731,16.8,38,,,,,,,,"11/03/2022, 23:07:51"
,,excluding overdraft,30.5267,0,0,17.8889,37.421,0,36.2715,,,,,,,,"11/03/2022, 23:07:51"
,,up to 1 year,34.5687,0,0,17.9849,37.9251,0,36.2715,,,,,,,,"11/03/2022, 23:07:51"
,,over 1 year and up to 5 years,20.6452,0,0,17.8393,36.2293,0,0,,,,,,,,"11/03/2022, 23:07:51"
,,over 5 years,13.8028,0,0,0,13.8028,0,0,,,,,,,,"11/03/2022, 23:07:51"
,in foreign currency,total,6.5002,0,0,5.8975,14.6026,0,0,,,,,,,,"11/03/2022, 23:07:51"
,,overdraft,37.9663,0,0,0,37.9663,0,0,,,,,,,,"11/03/2022, 23:07:51"
,,excluding overdraft,5.9606,0,0,5.8975,7.0825,0,0,,,,,,,,"11/03/2022, 23:07:51"
,,up to 1 year,5.8975,0,0,5.8975,0,0,0,,,,,,,,"11/03/2022, 23:07:51"
,,over 1 year and up to 5 years,–,–,–,–,–,–,–,,,,,,,,"11/03/2022, 23:07:51"
,,over 5 years,7.0825,0,0,0,7.0825,0,0,,,,,,,,"11/03/2022, 23:07:51"
,,,,,,,,,,,,,,,,,"11/03/2022, 23:07:51"
