Total Population(Flash Appeal),People Affected(Flash Appeal),People Affected - IDPs,People in Need(Flash Appeal),PiN - IDPs,People Targeted(Flash Appeal),People Targeted - IDPs,Out of date,Projection Time Frame (Flash Appeal),Flash Appeal URL,Refugees(UNHCR),IDPs,Civilian casualities(OHCHR) - Killed,Civilian casualities(OHCHR) - Injured,Attacks on Education Facilities,Attacks on Health Care,Number of Organisations,Number of People Reached,Number of Voyages,Tonnage of Commodities,Date,Source URL,Ukraine Flash Appeal 2022 - Required (US$m),Ukraine Flash Appeal 2022 - Funded (US$m),Ukraine Flash Appeal 2022 - % coverage,Ukraine Humanitarian Response Plan 2022 - Required (US$m),Ukraine Humanitarian Response Plan 2022 - Funded (US$m),Ukraine Humanitarian Response Plan 2022 - % coverage,Ukraine Regional Refugee Response Plan 2022 - Required (US$m),Ukraine Regional Refugee Response Plan 2022 - Funded (US$m),Ukraine Regional Refugee Response Plan 2022 - % coverage,CERF - Contributions (US$m) ,CERF - Allocations (US$m) ,Ukraine Humanitarian Fund - Contributions (US$m),Ukraine Humanitarian Fund - Allocations (US$m),FTS URL,retrieved
41400000,18000000,6700000,12000000,4300000,6000000,2100000,1100000000.0,MARCH â€“ MAY 2022,https://reliefweb.int/sites/reliefweb.int/files/resources/Ukraine%20Flash%20Appeal%202022.pdf,1000000,,249.0,553.0,,,,,,,2022-03-03,https://reliefweb.int/report/ukraine/ukraine-humanitarian-impact-situation-report-300-pm-eet-3-march-2022,1139900000,60300000,0.053,190300000,18300000,0.096,550600000,,0,,15500000,11700000,,https://fts.unocha.org/countries/234/summary/2022,"01/05/2023, 16:38:28"
,,,,,,,,,,1200000,,331.0,675.0,,,,,,,2022-03-04,https://reliefweb.int/sites/reliefweb.int/files/resources/Ukraine%20Humanitarian%20Impact%20Situation%20report%204%20March.pdf,,,,,,,,,,,,,,,"01/05/2023, 16:38:28"
,,,,,,,,,,1300000,,351.0,707.0,,,,,,,2022-03-05,https://reliefweb.int/sites/reliefweb.int/files/resources/Ukraine%20Humanitarian%20Impact%20Situation%20Report_5%20March_0.pdf,,,,,,,,,,,,,,,"01/05/2023, 16:38:28"
,,,,,,,,,,1500000,,364.0,759.0,,,,,,,2022-03-06,https://reliefweb.int/sites/reliefweb.int/files/resources/2022-03-06_Ukraine%20Humanitarian%20Impact%20SitRep_final.pdf,,,,,,,,,,,,,,,"01/05/2023, 16:38:28"
,,,,,,,,,,1700000,,406.0,801.0,,,,,,,2022-03-07,https://reliefweb.int/sites/reliefweb.int/files/resources/2022-03-07_Ukraine%20Humanitarian%20Impact%20SitRep_final.pdf,,,,,,,,,,,,,,,"01/05/2023, 16:38:28"
,,,,,,,,,,2000000,,474.0,861.0,,,,,,,2022-03-08,https://reliefweb.int/sites/reliefweb.int/files/resources/2022-03-08_Ukraine%20Humanitarian%20Impact%20SitRep_final.pdf,,,,,,,,,,,,,,,"01/05/2023, 16:38:28"
,,,,,,,,,,2100000,,516.0,908.0,,,,,,,2022-03-09,https://reliefweb.int/sites/reliefweb.int/files/resources/2022-03-09_Ukraine%20Humanitarian%20Impact%20SitRep.pdf,,,,,,,,,,,,,,,"01/05/2023, 16:38:28"
,,,,,,,,,,2300000,,549.0,957.0,,,,,,,2022-03-10,https://reliefweb.int/sites/reliefweb.int/files/resources/2022-03-10_Ukraine%20Humanitarian%20Impact%20SitRep.pdf,,,,,,,,,,,,,,,"01/05/2023, 16:38:28"
,,,,,,,,,,2500000,,564.0,982.0,,,,,,,2022-03-11,https://reliefweb.int/sites/reliefweb.int/files/resources/2022-03-11_Ukraine%20Humanitarian%20Impact%20SitRep_final_0.pdf,,,,,,,,,,,,,,,"01/05/2023, 16:38:28"
,,,,,,,,,,2600000,,579.0,1002.0,,,,,,,2022-03-12,https://reliefweb.int/sites/reliefweb.int/files/resources/2022-03-12_Ukraine%20Humanitarian%20Impact%20SitRep_final.pdf,,,,,,,,,,,,,,,"01/05/2023, 16:38:28"
,,,,,,,,,,2700000,,596.0,1067.0,,,,,,,2022-03-13,https://reliefweb.int/sites/reliefweb.int/files/resources/2022-03-13_Ukraine%20Humanitarian%20Impact%20SitRep_final.pdf,,,,,,,,,,,,,,,"01/05/2023, 16:38:28"
,,,,,,,,,,2800000,1900000.0,636.0,1125.0,,,,,,,2022-03-14,https://reliefweb.int/sites/reliefweb.int/files/resources/2022-03-14_Ukraine%20Humanitarian%20Impact%20SitRep_final.pdf,,,,,,,,,,,,,,,"01/05/2023, 16:38:28"
,,,,,,,,,,3000000,1900000.0,691.0,1143.0,,,,,,,2022-03-15,https://reliefweb.int/sites/reliefweb.int/files/resources/2022-03-15_Ukraine%20Humanitarian%20Impact%20SitRep.pdf,,,,,,,,,,,,,,,"01/05/2023, 16:38:28"
,,,,,,,,,,3100000,1900000.0,780.0,1252.0,,,,,,,2022-03-16,https://reliefweb.int/sites/reliefweb.int/files/resources/2022-03-16_Ukraine%20Humanitarian%20Impact%20SitRep_final.pdf,,,,,,,,,,,,,,,"01/05/2023, 16:38:28"
,,,,,,,,,,3200000,1900000.0,816.0,1333.0,,,,,,,2022-03-17,https://reliefweb.int/sites/reliefweb.int/files/resources/2022-03-17_Ukraine%20Humanitarian%20Impact%20SitRep_final.pdf,,,,,,,,,,,,,,,"01/05/2023, 16:38:28"
,,,,,,,,,,3400000,6500000.0,902.0,1459.0,,,,,,,2022-03-20,https://ukraine.un.org/sites/default/files/2022-03/Ukraine%20-%20civilian%20casualty%20update%20as%20of%2024.00%2019%20March%202022%20ENG.pdf,,,,,,,,,,,,,,,"01/05/2023, 16:38:28"
,,,,,,,,,,3400000,6500000.0,925.0,1496.0,518,,,,,,2022-03-21,https://www.ohchr.org/en/press-releases/2022/03/ukraine-civilian-casualty-update-21-march-2022,,,,,,,,,,,,,,,"01/05/2023, 16:38:28"
,,,,,,,,,,3500000,6500000.0,953.0,1557.0,,,,,,,2022-03-22,https://www.ohchr.org/en/press-releases/2022/03/ukraine-civilian-casualty-update-22-march-2022,,,,,,,,,,,,,,,"01/05/2023, 16:38:28"
,,,,,,,,,,3600000,6500000.0,977.0,1594.0,548,64.0,,,,,2022-03-23,https://extranet.who.int/ssa/LeftMenu/Index.aspx; https://saveschools.in.ua/en/; https://www.ohchr.org/en/press-releases/2022/03/ukraine-civilian-casualty-update-23-march-2022,,,,,,,,,,,,,,,"01/05/2023, 16:38:28"
,,,,,,,,,,3600000,6500000.0,1035.0,1650.0,,72.0,113.0,894261.0,,,2022-03-24,https://www.ohchr.org/en/statements/2022/03/situation-ukraine,,,,,,,,,,,,,,,"01/05/2023, 16:38:28"
,,,,,,,,,,3700000,6500000.0,1081.0,1707.0,,,,,,,2022-03-25,,,,,,,,,,,,,,,,"01/05/2023, 16:38:28"
,,,,,,,,,,3700000,6500000.0,1081.0,1707.0,570,,,,,,2022-03-26,https://extranet.who.int/ssa/LeftMenu/Index.aspx; https://saveschools.in.ua/en/; https://www.ohchr.org/en/press-releases/2022/03/ukraine-civilian-casualty-update-25-march-2022,,,,,,,,,,,,,,,"01/05/2023, 16:38:28"
,,,,,,,,,,3700000,6500000.0,1119.0,1790.0,,,,,,,2022-03-27,https://www.ohchr.org/en/news/2022/03/ukraine-civilian-casualty-update-27-march-2022,,,,,,,,,,,,,,,"01/05/2023, 16:38:28"
,,,,,,,,,,3900000,6500000.0,1151.0,1824.0,,,,,,,2022-03-28,https://www.ohchr.org/en/news/2022/03/ukraine-civilian-casualty-update-28-march-2022,,,,,,,,,,,,,,,"01/05/2023, 16:38:28"
,,,,,,,,,,3900000,6500000.0,1179.0,1860.0,733,74.0,,,,,2022-03-29,https://reliefweb.int/report/ukraine/ukraine-humanitarian-impact-situation-report-1200-pm-eet-28-march-2022; https://www.ohchr.org/en/news/2022/03/ukraine-civilian-casualty-update-29-march-2022,,,,,,,,,,,,,,,"01/05/2023, 16:38:28"
,,,,,,,,,,4000000,6500000.0,1189.0,1901.0,773,82.0,,,,,2022-03-30,https://www.ohchr.org/en/news/2022/03/ukraine-civilian-casualty-update-30-march-2022,,,,,,,,,,,,,,,"01/05/2023, 16:38:28"
,,,,,,,,,,4100000,6500000.0,1232.0,1935.0,,,159.0,1400204.0,,,2022-03-31,https://www.ohchr.org/en/press-releases/2022/03/ukraine-civilian-casualty-update-31-march-2022,,,,,,,,,,,,,,,"01/05/2023, 16:38:28"
,,,,,,,,,,4100000,7138715.0,1276.0,1981.0,859,,,,,,2022-04-01,https://www.ohchr.org/en/news/2022/04/ukraine-civilian-casualty-update-1-april-2022,,,,,,,,,,,,,,,"01/05/2023, 16:38:28"
,,,,,,,,,,4100000,7138715.0,1325.0,2017.0,,,,,,,2022-04-02,https://www.ohchr.org/en/news/2022/04/ukraine-civilian-casualty-update-2-april-2022,,,,,,,,,,,,,,,"01/05/2023, 16:38:28"
,,,,,,,,,,4100000,7138715.0,1417.0,2038.0,,,,,,,2022-04-03,https://www.ohchr.org/en/news/2022/04/ukraine-civilian-casualty-update-3-april-2022,,,,,,,,,,,,,,,"01/05/2023, 16:38:28"
,,,,,,,,,,4200000,7138715.0,1430.0,2097.0,869,85.0,,,,,2022-04-04,https://www.ohchr.org/en/news/2022/04/ukraine-civilian-casualty-update-4-april-2022,,,,,,,,,,,,,,,"01/05/2023, 16:38:28"
,,,,,,,,,,4200000,7138715.0,1480.0,2195.0,,91.0,,,,,2022-04-05,https://www.ohchr.org/en/news/2022/04/ukraine-civilian-casualty-update-5-april-2022,,,,,,,,,,,,,,,"01/05/2023, 16:38:28"
,,,,,,,,,,4300000,7138715.0,1563.0,2213.0,930,,180.0,2053900.0,,,2022-04-06,https://www.ohchr.org/en/news/2022/04/ukraine-civilian-casualty-update-6-april-2022; file:///C:/Users/Mety/Downloads/2022-04-06_Ukraine%20SitRep%20Humanitarian%20Impact_Final%20Version.pdf,,,,,,,,,,,,,,,"01/05/2023, 16:38:28"
,,,,,,,,,,4300000,7138715.0,1611.0,2227.0,,103.0,,,,,2022-04-07,https://www.ohchr.org/en/news/2022/04/ukraine-civilian-casualty-update-7-april-2022,,,,,,,,,,,,,,,"01/05/2023, 16:38:28"
,,,,,,,,,,4400000,7138715.0,1626.0,2267.0,928,,,,,,2022-04-08,https://www.ohchr.org/en/news/2022/04/ukraine-civilian-casualty-update-8-avril-2022 and https://reliefweb.int/report/ukraine/ukraine-humanitarian-impact-situation-report-1200-pm-eet-8-april-2022,,,,,,,,,,,,,,,"01/05/2023, 16:38:28"
,,,,,,,,,,4400000,7138715.0,1766.0,2383.0,,,,,,,2022-04-09,https://www.ohchr.org/en/news/2022/04/ukraine-civilian-casualty-update-9-avril-2022,,,,,,,,,,,,,,,"01/05/2023, 16:38:28"
,,,,,,,,,,4500000,7138715.0,1793.0,2439.0,,108.0,,,,,2022-04-10,https://www.ohchr.org/en/news/2022/04/ukraine-civilian-casualty-update-10-april-2022,,,,,,,,,,,,,,,"01/05/2023, 16:38:28"
,,,,,,,,,,4500000,7138715.0,1842.0,2493.0,,,,,,,2022-04-11,https://www.ohchr.org/en/news/2022/04/ukraine-civilian-casualty-update-11-april-2022,,,,,,,,,,,,,,,"01/05/2023, 16:38:28"
,,,,,,,,,,4600000,7138715.0,1892.0,2558.0,,119.0,,,,,2022-04-12,https://www.ohchr.org/en/news/2022/04/ukraine-civilian-casualty-update-12-april-2022,,,,,,,,,,,,,,,"01/05/2023, 16:38:28"
,,,,,,,,,,4700000,7138715.0,1932.0,2589.0,957,,188.0,2542000.0,,,2022-04-13,https://www.ohchr.org/en/news/2022/04/ukraine-civilian-casualty-update-13-april-2022,,,,,,,,,,,,,,,"01/05/2023, 16:38:28"
,,,,,,,,,,4700000,7138715.0,1964.0,2613.0,,125.0,,,,,2022-04-14,https://www.ohchr.org/en/news/2022/04/ukraine-civilian-casualty-update-14-april-2022,,,,,,,,,,,,,,,"01/05/2023, 16:38:28"
,,,,,,,,,,4700000,7138715.0,1982.0,2615.0,,,,,,,2022-04-15,https://www.ohchr.org/en/news/2022/04/ukraine-civilian-casualty-update-15-april-2022,,,,,,,,,,,,,,,"01/05/2023, 16:38:28"
,,,,,,,,,,4800000,7138715.0,1982.0,2651.0,,,,,,,2022-04-16,https://www.ohchr.org/en/news/2022/04/ukraine-civilian-casualty-update-15-april-2022,,,,,,,,,,,,,,,"01/05/2023, 16:38:28"
,,,,,,,,,,4800000,7707000.0,1982.0,2651.0,,,,,,,2022-04-17,https://www.ohchr.org/en/news/2022/04/ukraine-civilian-casualty-update-15-april-2022; https://displacement.iom.int/sites/default/files/public/reports/IOM_Ukraine%20Displacement%20Report_R3_ENG%20%282%29.pdf,,,,,,,,,,,,,,,"01/05/2023, 16:38:28"
,,,,,,,,,,4900000,7707000.0,2072.0,2818.0,,136.0,,,,,2022-04-18,https://www.ohchr.org/en/news/2022/04/ukraine-civilian-casualty-update-18-april-2022,,,,,,,,,,,,,,,"01/05/2023, 16:38:28"
,,,,,,,,,,5000000,7707000.0,2104.0,2862.0,1071,150.0,,,,,2022-04-19,https://www.ohchr.org/en/news/2022/04/ukraine-civilian-casualty-update-19-april-2022,,,,,,,,,,,,,,,"01/05/2023, 16:38:28"
,,,,,,,,,,5000000,7707000.0,2224.0,2897.0,,162.0,,,,,2022-04-20,https://www.ohchr.org/en/news/2022/04/ukraine-civilian-casualty-update-20-april-2022,,,,,,,,,,,,,,,"01/05/2023, 16:38:28"
,,,,,,,,,,5100000,7707000.0,2345.0,2919.0,1237,164.0,207.0,3357700.0,,,2022-04-21,https://www.ohchr.org/en/news/2022/04/ukraine-civilian-casualty-update-21-april-2022 and https://reliefweb.int/report/ukraine/ukraine-humanitarian-impact-situation-report-1200-pm-eet-21-april-2022 and https://reliefweb.int/sites/reliefweb.int/files/resources/UKR_5W_Operational_Presence_Map_P1_P3_20220421_A4.pdf,,,,,,,,,,,,,,,"01/05/2023, 16:38:28"
,,,,,,,,,,5200000,7707000.0,2435.0,2946.0,,,,,,,2022-04-22,https://www.ohchr.org/en/news/2022/04/ukraine-civilian-casualty-update-22-april-2022,,,,,,,,,,,,,,,"01/05/2023, 16:38:28"
44000000,,,24000000,7700000,8700000,,,March-August 2022,https://reliefweb.int/report/ukraine/ukraine-flash-appeal-march-august-2022-enuk,5200000,7707000.0,2665.0,3053.0,,,,,,,2022-04-25,https://www.ohchr.org/en/news/2022/04/ukraine-civilian-casualty-update-25-april-2022,,,,,,,,,,,,,,,"01/05/2023, 16:38:28"
,,,,,,,,,,5300000,7707000.0,2729.0,3111.0,1499,,,,,,2022-04-26,https://www.ohchr.org/en/news/2022/04/ukraine-civilian-casualty-update-26-april-2022,,,,,,,,,,,,,,,"01/05/2023, 16:38:28"
,,,,,,,,,,5300000,7707000.0,2787.0,3152.0,,175.0,,,,,2022-04-27,https://www.ohchr.org/en/news/2022/04/ukraine-civilian-casualty-update-27-april-2022,,,,,,,,,,,,,,,"01/05/2023, 16:38:28"
,,,,,,,,,,5400000,7707000.0,2829.0,3180.0,,,217.0,4100000.0,,,2022-04-28,https://www.ohchr.org/en/news/2022/04/ukraine-civilian-casualty-update-28-april-2022,,,,,,,,,,,,,,,"01/05/2023, 16:38:28"
,,,,,,,,,,5400000,7707000.0,2899.0,3235.0,,177.0,,,,,2022-04-29,https://www.ohchr.org/en/news/2022/04/ukraine-civilian-casualty-update-29-april-2022,,,,,,,,,,,,,,,"01/05/2023, 16:38:28"
,,,,,,,,,,5400000,7707000.0,2899.0,3235.0,,180.0,,,,,2022-04-30,,,,,,,,,,,,,,,,"01/05/2023, 16:38:28"
,,,,,,,,,,5600000,7707000.0,3153.0,3316.0,,186.0,,,,,2022-05-02,https://ukraine.un.org/sites/default/files/2022-05/Ukraine%20-%20civilian%20casualty%20update%20as%20of%2024.00%201%20May%202022%20ENG.pdf,,,,,,,,,,,,,,,"01/05/2023, 16:38:28"
,,,,,,,,,,5600000,8029000.0,3193.0,3353.0,,,,,,,2022-05-03,https://www.ohchr.org/en/press-releases/2022/05/ukraine-civilian-casualty-update-3-may-2022,,,,,,,,,,,,,,,"01/05/2023, 16:38:28"
,,,,,,,,,,5700000,8029000.0,3238.0,3397.0,,,,,,,2022-05-04,https://www.ohchr.org/en/news/2022/05/ukraine-civilian-casualty-update-4-may-2022,,,,,,,,,,,,,,,"01/05/2023, 16:38:28"
,,,,,,,,,,5700000,8029000.0,3280.0,3451.0,,191.0,227.0,5400000.0,,,2022-05-05,https://www.ohchr.org/en/news/2022/05/ukraine-civilian-casualty-update-5-may-2022,,,,,,,,,,,,,,,"01/05/2023, 16:38:28"
,,,,,,,,,,5700000,8029000.0,3309.0,3493.0,,195.0,,,,,2022-05-06,https://www.ohchr.org/en/news/2022/05/ukraine-civilian-casualty-update-6-may-2022,,,,,,,,,,,,,,,"01/05/2023, 16:38:28"
,,,,,,,,,,5800000,8029000.0,3309.0,3493.0,,200.0,,,,,2022-05-07,,,,,,,,,,,,,,,,"01/05/2023, 16:38:28"
,,,,,,,,,,5800000,8029000.0,3381.0,3680.0,,,,,,,2022-05-09,https://www.ohchr.org/en/news/2022/05/ukraine-civilian-casualty-update-9-may-2022,,,,,,,,,,,,,,,"01/05/2023, 16:38:28"
,,,,,,,,,,5900000,8029000.0,3459.0,3713.0,,203.0,,,,,2022-05-10,https://waps.ohchr.org/en/news/2022/05/ukraine-civilian-casualty-update-10-may-2022,,,,,,,,,,,,,,,"01/05/2023, 16:38:28"
,,,,,,,,,,5900000,8029000.0,3496.0,3760.0,1635,209.0,,,,,2022-05-11,https://waps.ohchr.org/en/news/2022/05/ukraine-civilian-casualty-update-11-may-2022,,,,,,,,,,,,,,,"01/05/2023, 16:38:28"
,,,,,,,,,,6000000,8029000.0,3541.0,3785.0,,212.0,258.0,6400000.0,,,2022-05-12,https://waps.ohchr.org/en/news/2022/05/ukraine-civilian-casualty-update-12-may-2022,,,,,,,,,,,,,,,"01/05/2023, 16:38:28"
,,,,,,,,,,6000000,8029000.0,3573.0,3816.0,,214.0,,,,,2022-05-13,https://www.ohchr.org/en/news/2022/05/ukraine-civilian-casualty-update-13-may-2022,,,,,,,,,,,,,,,"01/05/2023, 16:38:28"
,,,,,,,,,,6100000,8029000.0,3668.0,3896.0,,218.0,,,,,2022-05-16,https://www.ohchr.org/en/news/2022/05/ukraine-civilian-casualty-update-16-may-2022,,,,,,,,,,,,,,,"01/05/2023, 16:38:28"
,,,,,,,,,,6300000,8029000.0,3752.0,4062.0,,226.0,,,,,2022-05-17,https://waps.ohchr.org/en/news/2022/05/ukraine-civilian-casualty-update-17-may-2022,,,,,,,,,,,,,,,"01/05/2023, 16:38:28"
,,,,,,,,,,6300000,8029000.0,3778.0,4186.0,1748,235.0,,,,,2022-05-18,https://waps.ohchr.org/en/news/2022/05/ukraine-civilian-casualty-update-18-may-2022,,,,,,,,,,,,,,,"01/05/2023, 16:38:28"
,,,,,,,,,,6400000,8029000.0,3811.0,4278.0,,,256.0,6900000.0,,,2022-05-19,https://www.ohchr.org/en/news/2022/05/ukraine-civilian-casualty-update-19-may-2022,,,,,,,,,,,,,,,"01/05/2023, 16:38:28"
,,,,,,,,,,6400000,8029000.0,3838.0,4351.0,,236.0,,,,,2022-05-20,https://www.ohchr.org/en/news/2022/05/ukraine-civilian-casualty-update-20-may-2022,,,,,,,,,,,,,,,"01/05/2023, 16:38:28"
,,,,,,,,,,6400000,7134000.0,3930.0,4532.0,,248.0,,,,,2022-05-23,https://waps.ohchr.org/en/news/2022/05/ukraine-civilian-casualty-update-23-may-2022,,,,,,,,,,,,,,,"01/05/2023, 16:38:28"
,,,,,,,,,,6600000,7134000.0,3942.0,4591.0,,,,,,,2022-05-24,https://waps.ohchr.org/en/news/2022/05/ukraine-civilian-casualty-update-24-may-2022,,,,,,,,,,,,,,,"01/05/2023, 16:38:28"
,,,,,,,,,,6600000,7134000.0,3974.0,4654.0,,253.0,,,,,2022-05-25,https://www.ohchr.org/en/news/2022/05/ukraine-civilian-casualty-update-25-may-2022,,,,,,,,,,,,,,,"01/05/2023, 16:38:28"
,,,,,,,,,,6700000,7134000.0,3998.0,4693.0,1837,256.0,,,,,2022-05-26,https://waps.ohchr.org/en/news/2022/05/ukraine-civilian-casualty-update-26-may-2022,,,,,,,,,,,,,,,"01/05/2023, 16:38:28"
,,,,,,,,,,6700000,7134000.0,4031.0,4735.0,,263.0,,,,,2022-05-27,https://www.ohchr.org/en/news/2022/05/ukraine-civilian-casualty-update-27-may-2022,,,,,,,,,,,,,,,"01/05/2023, 16:38:28"
,,,,,,,,,,6700000,7134000.0,4074.0,4826.0,,,,,,,2022-05-30,https://www.ohchr.org/en/news/2022/05/ukraine-civilian-casualty-update-30-may-2022,,,,,,,,,,,,,,,"01/05/2023, 16:38:28"
,,,,,,,,,,6800000,7134000.0,4113.0,4916.0,,269.0,,,,,2022-05-31,https://www.ohchr.org/en/news/2022/05/ukraine-civilian-casualty-update-31-may-2022,,,,,,,,,,,,,,,"01/05/2023, 16:38:28"
,,,,,,,,,,6800000,7134000.0,4149.0,4945.0,,,,,,,2022-06-01,https://www.ohchr.org/en/news/2022/06/ukraine-civilian-casualty-update-1-june-2022,,,,,,,,,,,,,,,"01/05/2023, 16:38:28"
,,,,,,,,,,6800000,7134000.0,4169.0,4982.0,,,311.0,7800000.0,,,2022-06-02,https://www.ohchr.org/en/news/2022/06/ukraine-civilian-casualty-update-2-june-2022,,,,,,,,,,,,,,,"01/05/2023, 16:38:28"
,,,,,,,,,,7000000,7134000.0,4183.0,5014.0,1888,,,,,,2022-06-03,https://www.ohchr.org/en/news/2022/06/ukraine-civilian-casualty-update-3-june-2022,,,,,,,,,,,,,,,"01/05/2023, 16:38:28"
,,,,,,,,,,7000000,7134000.0,4253.0,5141.0,,271.0,,,,,2022-06-06,https://www.ohchr.org/en/news/2022/06/ukraine-civilian-casualty-update-6-june-2022,,,,,,,,,,,,,,,"01/05/2023, 16:38:28"
,,,,,,,,,,7000000,7134000.0,4183.0,5014.0,,290.0,,,,,2022-06-07,,,,,,,,,,,,,,,,"01/05/2023, 16:38:28"
,,,,,,,,,,7000000,7134000.0,4266.0,5178.0,,,,,,,2022-06-08,https://www.ohchr.org/en/news/2022/06/ukraine-civilian-casualty-update-8-june-2022,,,,,,,,,,,,,,,"01/05/2023, 16:38:28"
,,,,,,,,,,7300000,7134000.0,4302.0,5217.0,,295.0,315.0,8100000.0,,,2022-06-09,https://www.ohchr.org/en/news/2022/06/ukraine-civilian-casualty-update-9-june-2022,,,,,,,,,,,,,,,"01/05/2023, 16:38:28"
,,,,,,,,,,7400000,7134000.0,4339.0,5246.0,,,,,,,2022-06-10,https://www.ohchr.org/en/news/2022/06/ukraine-civilian-casualty-update-10-june-2022,,,,,,,,,,,,,,,"01/05/2023, 16:38:28"
,,,,,,,,,,7400000,7134000.0,4395.0,5390.0,,,,,,,2022-06-13,https://waps.ohchr.org/en/news/2022/06/ukraine-civilian-casualty-update-13-june-2022,,,,,,,,,,,,,,,"01/05/2023, 16:38:28"
,,,,,,,,,,7400000,7134000.0,4432.0,5499.0,,,,,,,2022-06-14,https://waps.ohchr.org/en/news/2022/06/ukraine-civilian-casualty-update-14-june-2022,,,,,,,,,,,,,,,"01/05/2023, 16:38:28"
,,,,,,,,,,7400000,7134000.0,4452.0,5531.0,,,,,,,2022-06-15,https://www.ohchr.org/en/news/2022/06/ukraine-civilian-casualty-update-15-june-2022,,,,,,,,,,,,,,,"01/05/2023, 16:38:28"
,,,,,,,,,,7600000,7134000.0,4481.0,5565.0,,,332.0,8800000.0,,,2022-06-16,https://www.ohchr.org/en/news/2022/06/ukraine-civilian-casualty-update-16-june-2022,,,,,,,,,,,,,,,"01/05/2023, 16:38:28"
,,,,,,,,,,7700000,7134000.0,4509.0,5585.0,,,,,,,2022-06-17,https://www.ohchr.org/en/news/2022/06/ukraine-civilian-casualty-update-17-june-2022,,,,,,,,,,,,,,,"01/05/2023, 16:38:28"
,,,,,,,,,,7700000,7134000.0,4569.0,5691.0,,,,,,,2022-06-20,https://www.ohchr.org/en/news/2022/06/ukraine-civilian-casualty-update-20-june-2022,,,,,,,,,,,,,,,"01/05/2023, 16:38:28"
,,,,,,,,,,7700000,7134000.0,4597.0,5711.0,,308.0,,,,,2022-06-21,https://www.ohchr.org/en/news/2022/06/ukraine-civilian-casualty-update-21-june-2022,,,,,,,,,,,,,,,"01/05/2023, 16:38:28"
,,,,,,,,,,7700000,7134000.0,4634.0,5769.0,2172,316.0,,,,,2022-06-22,https://www.ohchr.org/en/news/2022/06/ukraine-civilian-casualty-update-22-june-2022,,,,,,,,,,,,,,,"01/05/2023, 16:38:28"
,,,,,,,,,,8000000,6275000.0,4662.0,5803.0,,,,,,,2022-06-23,https://www.ohchr.org/en/news/2022/06/ukraine-civilian-casualty-update-23-june-2022,,,,,,,,,,,,,,,"01/05/2023, 16:38:28"
,,,,,,,,,,8000000,6275000.0,4677.0,5829.0,,323.0,,,,,2022-06-24,https://www.ohchr.org/en/news/2022/06/ukraine-civilian-casualty-update-24-june-2022,,,,,,,,,,,,,,,"01/05/2023, 16:38:28"
,,,,,,,,,,8000000,6275000.0,4731.0,5900.0,,,,,,,2022-06-27,https://www.ohchr.org/en/news/2022/06/ukraine-civilian-casualty-update-27-june-2022,,,,,,,,,,,,,,,"01/05/2023, 16:38:28"
,,,,,,,,,,8400000,6275000.0,4731.0,5900.0,"2,212",,,,,,2022-06-29,https://reports.unocha.org/en/country/ukraine/,,,,,,,,,,,,,,,"01/05/2023, 16:38:28"
,,,,,,,,,,8400000,6275000.0,4731.0,5900.0,,330.0,351.0,10270000.0,,,2022-06-30,,,,,,,,,,,,,,,,"01/05/2023, 16:38:28"
,,,,,,,,,,8400000,6275000.0,4731.0,5900.0,,333.0,,,,,2022-07-01,,,,,,,,,,,,,,,,"01/05/2023, 16:38:28"
,,,,,,,,,,8400000,6275000.0,4889.0,6263.0,,339.0,,,,,2022-07-04,https://www.ohchr.org/en/news/2022/07/ukraine-civilian-casualty-update-4-july-2022,,,,,,,,,,,,,,,"01/05/2023, 16:38:28"
,,,,,,,,,,8400000,6275000.0,4889.0,6263.0,,348.0,,,,,2022-07-05,,,,,,,,,,,,,,,,"01/05/2023, 16:38:28"
,,,,,,,,,,8400000,6275000.0,4889.0,6263.0,,352.0,,,,,2022-07-06,,,,,,,,,,,,,,,,"01/05/2023, 16:38:28"
,,,,,,,,,,8400000,6275000.0,4889.0,6263.0,,359.0,397.0,10276800.0,,,2022-07-07,,,,,,,,,,,,,,,,"01/05/2023, 16:38:28"
,,,,,,,,,,8800000,6275000.0,4889.0,6263.0,2315,,,,,,2022-07-08,https://reports.unocha.org/en/country/ukraine/,,,,,,,,,,,,,,,"01/05/2023, 16:38:28"
,,,,,,,,,,8800000,6275000.0,4889.0,6263.0,,369.0,,,,,2022-07-09,,,,,,,,,,,,,,,,"01/05/2023, 16:38:28"
,,,,,,,,,,8800000,6275000.0,4889.0,6263.0,,371.0,,,,,2022-07-10,,,,,,,,,,,,,,,,"01/05/2023, 16:38:28"
,,,,,,,,,,8800000,6275000.0,5024.0,6520.0,,,,,,,2022-07-12,https://www.ohchr.org/en/news/2022/07/ukraine-civilian-casualty-update-12-july-2022,,,,,,,,,,,,,,,"01/05/2023, 16:38:28"
,,,,,,,,,,8800000,6275000.0,5024.0,6520.0,,380.0,,,,,2022-07-13,,,,,,,,,,,,,,,,"01/05/2023, 16:38:28"
,,,,,,,,,,8800000,6275000.0,5024.0,6520.0,,,405.0,10280000.0,,,2022-07-14,,,,,,,,,,,,,,,,"01/05/2023, 16:38:28"
,,,,,,,,,,8800000,6275000.0,5024.0,6520.0,,385.0,,,,,2022-07-15,,,,,,,,,,,,,,,,"01/05/2023, 16:38:28"
,,,,,,,,,,9200000,6275000.0,5110.0,6752.0,,387.0,,,,,2022-07-18,https://www.ohchr.org/en/news/2022/07/ukraine-civilian-casualty-update-18-july-2022,,,,,,,,,,,,,,,"01/05/2023, 16:38:28"
,,,,,,,,,,9200000,6275000.0,5110.0,6752.0,,390.0,,,,,2022-07-19,,,,,,,,,,,,,,,,"01/05/2023, 16:38:28"
,,,,,,,,,,9600000,6275000.0,5110.0,6752.0,,401.0,409.0,11046800.0,,,2022-07-21,,,,,,,,,,,,,,,,"01/05/2023, 16:38:28"
,,,,,,,,,,9600000,6645000.0,5110.0,6752.0,,,,,,,2022-07-23,https://displacement.iom.int/sites/default/files/public/reports/IOM_Gen%20Pop%20Report_R7_final%20ENG_updated%20logo.pdf,,,,,,,,,,,,,,,"01/05/2023, 16:38:28"
,,,,,,,,,,9600000,6645000.0,5237.0,7035.0,,399.0,,,,,2022-07-26,https://www.ohchr.org/en/press-releases/2022/07/ukraine-civilian-casualty-update-25-july-2022,,,,,,,,,,,,,,,"01/05/2023, 16:38:28"
,,,,,,,,,,9600000,6645000.0,5237.0,7035.0,,,,,,,2022-07-27,,,,,,,,,,,,,,,,"01/05/2023, 16:38:28"
,,,,,,,,,,9600000,6645000.0,5237.0,7035.0,2420,,419.0,11649600.0,,,2022-07-28,,,,,,,,,,,,,,,,"01/05/2023, 16:38:28"
,,,,,,,,,,9600000,6645000.0,5237.0,7035.0,,,,,,,2022-08-01,https://www.ohchr.org/en/news/2022/08/ukraine-civilian-casualty-update-1-august-2022,,,,,,,,,,,,,,,"01/05/2023, 16:38:28"
,,,,,,,,,,10290039,6645000.0,5327.0,7257.0,,,,,,,2022-08-02,,,,,,,,,,,,,,,,"01/05/2023, 16:38:28"
,,,,,,,,,,6307137,6645000.0,5327.0,7257.0,,,421.0,11703964.0,,,2022-08-04,,,,,,,,,,,,,,,,"01/05/2023, 16:38:28"
,,,,,,,,,,6307137,6645000.0,5327.0,7257.0,,,,,,,2022-08-08,https://www.ohchr.org/en/news/2022/08/ukraine-civilian-casualty-update-8-august-2022,,,,,,,,,,,,,,,"01/05/2023, 16:38:28"
,,,,,,,,,,6307137,6645000.0,5401.0,7466.0,,,,,,,2022-08-09,,,,,,,,,,,,,,,,"01/05/2023, 16:38:28"
,,,,,,,,,,6307137,6645000.0,5401.0,7466.0,,445.0,,,,,2022-08-10,,,,,,,,,,,,,,,,"01/05/2023, 16:38:28"
,,,,,,,,,,6307137,6645000.0,5401.0,7466.0,,,499.0,11829394.0,,,2022-08-11,,,,,,,,,,,,,,,,"01/05/2023, 16:38:28"
,,,,,,,,,,6307137,6645000.0,5401.0,7466.0,,449.0,,,,,2022-08-12,,,,,,,,,,,,,,,,"01/05/2023, 16:38:28"
,,,,,,,,,,6307137,6645000.0,5401.0,7466.0,,459.0,,,,,2022-08-15,https://www.ohchr.org/en/news/2022/08/ukraine-civilian-casualty-update-15-august-2022,,,,,,,,,,,,,,,"01/05/2023, 16:38:28"
,,,,,,,,,,6307137,6645000.0,5514.0,7698.0,,459.0,,,42.0,597067.0,2022-08-16,,,,,,,,,,,,,,,,"01/05/2023, 16:38:28"
,,,,,,,,,,6307137,6645000.0,5514.0,7698.0,,,531.0,11991107.0,42.0,597067.0,2022-08-17,,,,,,,,,,,,,,,,"01/05/2023, 16:38:28"
,,,,,,,,,,6307137,6645000.0,5514.0,7698.0,,,,,44.0,597067.0,2022-08-18,,,,,,,,,,,,,,,,"01/05/2023, 16:38:28"
,,,,,,,,,,6307137,6645000.0,5514.0,7698.0,,,,,50.0,625049.0,2022-08-19,,,,,,,,,,,,,,,,"01/05/2023, 16:38:28"
,,,,,,,,,,6307137,6645000.0,5514.0,7698.0,,,,,53.0,689649.0,2022-08-20,,,,,,,,,,,,,,,,"01/05/2023, 16:38:28"
,,,,,,,,,,6307137,6645000.0,5514.0,7698.0,,,,,65.0,689649.0,2022-08-21,,,,,,,,,,,,,,,,"01/05/2023, 16:38:28"
,,,,,,,,,,6307137,6645000.0,5587.0,7890.0,,461.0,,,72.0,720449.0,2022-08-22,https://www.ohchr.org/en/news/2022/08/ukraine-civilian-casualty-update-22-august-2022,,,,,,,,,,,,,,,"01/05/2023, 16:38:28"
,,,,,,,,,,6307137,6975000.0,5587.0,7890.0,,,,,73.0,723886.0,2022-08-23,,,,,,,,,,,,,,,,"01/05/2023, 16:38:28"
,,,,,,,,,,6307137,6975000.0,5587.0,7890.0,,473.0,,,78.0,740386.0,2022-08-24,,,,,,,,,,,,,,,,"01/05/2023, 16:38:28"
,,,,,,,,,,6858825,6975000.0,5663.0,8055.0,,,553.0,12001124.0,84.0,769986.0,2022-08-25,,,,,,,,,,,,,,,,"01/05/2023, 16:38:28"
,,,,,,,,,,6858825,6975000.0,5663.0,8055.0,,478.0,,,95.0,978636.0,2022-08-26,,,,,,,,,,,,,,,,"01/05/2023, 16:38:28"
,,,,,,,,,,6858825,6975000.0,5663.0,8055.0,,483.0,,,113.0,1249780.0,2022-08-29,https://www.ohchr.org/en/news/2022/08/ukraine-civilian-casualty-update-29-august-2022,,,,,,,,,,,,,,,"01/05/2023, 16:38:28"
,,,,,,,,,,6858825,6975000.0,5663.0,8055.0,,492.0,,,122.0,1289065.0,2022-08-30,,,,,,,,,,,,,,,,"01/05/2023, 16:38:28"
,,,,,,,,,,6858825,6975000.0,5663.0,8055.0,,495.0,,,138.0,1472016.0,2022-08-31,,,,,,,,,,,,,,,,"01/05/2023, 16:38:28"
,,,,,,,,,,6858825,6975000.0,5663.0,8055.0,,,563.0,12690000.0,146.0,1667396.0,2022-09-01,,,,,,,,,,,,,,,,"01/05/2023, 16:38:28"
,,,,,,,,,,6858825,6975000.0,5663.0,8055.0,,,,,152.0,1766531.0,2022-09-02,,,,,,,,,,,,,,,,"01/05/2023, 16:38:28"
,,,,,,,,,,6858825,6975000.0,5718.0,8199.0,,,,,184.0,2076280.0,2022-09-04,,,,,,,,,,,,,,,,"01/05/2023, 16:38:28"
,,,,,,,,,,6858825,6975000.0,5718.0,8199.0,,512.0,,,190.0,2125530.0,2022-09-05,https://www.ohchr.org/en/news/2022/09/ukraine-civilian-casualty-update-5-september-2022,,,,,,,,,,,,,,,"01/05/2023, 16:38:28"
,,,,,,,,,,6858825,6975000.0,5718.0,8199.0,,,,,196.0,2125530.0,2022-09-06,,,,,,,,,,,,,,,,"01/05/2023, 16:38:28"
,,,,,,,,,,6858825,6975000.0,5718.0,8199.0,,516.0,,,208.0,2334310.0,2022-09-07,,,,,,,,,,,,,,,,"01/05/2023, 16:38:28"
,,,,,,,,,,6858825,6975000.0,5718.0,8199.0,,,586.0,12770555.0,,,2022-09-08,,,,,,,,,,,,,,,,"01/05/2023, 16:38:28"
,,,,,,,,,,6858825,6975000.0,5718.0,8199.0,,531.0,,,,,2022-09-09,,,,,,,,,,,,,,,,"01/05/2023, 16:38:28"
,,,,,,,,,,7156748,6975000.0,5718.0,8199.0,2461,,,,,,2022-09-12,https://www.ohchr.org/en/news/2022/09/ukraine-civilian-casualty-update-12-september-2022,,,,,,,,,,,,,,,"01/05/2023, 16:38:28"
,,,,,,,,,,7156748,6975000.0,5827.0,8421.0,,,,,,,2022-09-13,,,,,,,,,,,,,,,,"01/05/2023, 16:38:28"
,,,,,,,,,,7156748,6975000.0,5827.0,8421.0,,,,,287.0,3025810.0,2022-09-14,,,,,,,,,,,,,,,,"01/05/2023, 16:38:28"
,,,,,,,,,,7156748,6975000.0,5827.0,8421.0,,,578.0,13345065.0,,,2022-09-15,,,,,,,,,,,,,,,,"01/05/2023, 16:38:28"
,,,,,,,,,,7156748,6975000.0,5827.0,8421.0,,550.0,,,,,2022-09-16,,,,,,,,,,,,,,,,"01/05/2023, 16:38:28"
,,,,,,,,,,7156748,6975000.0,5916.0,8616.0,,,,,,,2022-09-19,https://www.ohchr.org/en/news/2022/09/ukraine-civilian-casualty-update-19-september-2022,,,,,,,,,,,,,,,"01/05/2023, 16:38:28"
,,,,,,,,,,7156748,6975000.0,5916.0,8616.0,,,,,,,2022-09-20,,,,,,,,,,,,,,,,"01/05/2023, 16:38:28"
,,,,,,,,,,7278696,6975000.0,5916.0,8616.0,2528,,,,,,2022-09-21,,,,,,,,,,,,,,,,"01/05/2023, 16:38:28"
,,,,,,,,,,7278696,6975000.0,5916.0,8616.0,,,586.0,13345702.0,,,2022-09-22,,,,,,,,,,,,,,,,"01/05/2023, 16:38:28"
,,,,,,,,,,7404007,6975000.0,5916.0,8616.0,,,,,,,2022-09-23,,,,,,,,,,,,,,,,"01/05/2023, 16:38:28"
,,,,,,,,,,7404007,6243000.0,5996.0,8848.0,,,,,,,2022-09-26,https://www.ohchr.org/en/news/2022/09/ukraine-civilian-casualty-update-26-september-2022,,,,,,,,,,,,,,,"01/05/2023, 16:38:28"
,,,,,,,,,,7404007,6243000.0,5996.0,8848.0,,,,,,,2022-09-27,,,,,,,,,,,,,,,,"01/05/2023, 16:38:28"
,,,,,,,,,,7404007,6243000.0,5996.0,8848.0,,,,,,,2022-09-28,,,,,,,,,,,,,,,,"01/05/2023, 16:38:28"
,,,,,,,,,,7535874,6243000.0,5996.0,8848.0,,,593.0,13337076.0,,,2022-09-29,,,,,,,,,,,,,,,,"01/05/2023, 16:38:28"
,,,,,,,,,,7535874,6243000.0,5996.0,8848.0,,,,,,,2022-09-30,,,,,,,,,,,,,,,,"01/05/2023, 16:38:28"
,,,,,,,,,,7535874,6243000.0,6114.0,9132.0,,,,,,,2022-10-03,https://www.ohchr.org/en/news/2022/10/ukraine-civilian-casualty-update-3-october-2022,,,,,,,,,,,,,,,"01/05/2023, 16:38:28"
,,,,,,,,,,7535874,6243000.0,6114.0,9132.0,,,,,,,2022-10-04,,,,,,,,,,,,,,,,"01/05/2023, 16:38:28"
,,,,,,,,,,7535874,6243000.0,6114.0,9132.0,,,,,,,2022-10-05,,,,,,,,,,,,,,,,"01/05/2023, 16:38:28"
,,,,,,,,,,7535874,6243000.0,6114.0,9132.0,,,,,,,2022-10-06,,,,,,,,,,,,,,,,"01/05/2023, 16:38:28"
,,,,,,,,,,7535874,6243000.0,6114.0,9132.0,,600.0,,,,,2022-10-07,,,,,,,,,,,,,,,,"01/05/2023, 16:38:28"
,,,,,,,,,,7535874,6243000.0,6221.0,9371.0,,607.0,,,,,2022-10-10,https://www.ohchr.org/en/news/2022/10/ukraine-civilian-casualty-update-10-october-2022,,,,,,,,,,,,,,,"01/05/2023, 16:38:28"
,,,,,,,,,,7535874,6243000.0,6221.0,9371.0,,,,,,,2022-10-11,,,,,,,,,,,,,,,,"01/05/2023, 16:38:28"
,,,,,,,,,,7535874,6243000.0,6221.0,9371.0,,,,,,,2022-10-12,,,,,,,,,,,,,,,,"01/05/2023, 16:38:28"
,,,,,,,,,,7535874,6243000.0,6221.0,9371.0,,,621.0,13351825.0,,,2022-10-13,,,,,,,,,,,,,,,,"01/05/2023, 16:38:28"
,,,,,,,,,,7671584,6243000.0,6221.0,9371.0,,620.0,,,,,2022-10-14,,,,,,,,,,,,,,,,"01/05/2023, 16:38:28"
,,,,,,,,,,7671584,6243000.0,6306.0,9602.0,,623.0,,,,,2022-10-17,https://www.ohchr.org/en/news/2022/10/ukraine-civilian-casualty-update-17-october-2022,,,,,,,,,,,,,,,"01/05/2023, 16:38:28"
,,,,,,,,,,7671584,6243000.0,6306.0,9602.0,,,,,,,2022-10-18,,,,,,,,,,,,,,,,"01/05/2023, 16:38:28"
,,,,,,,,,,7671584,6243000.0,6306.0,9602.0,,,,,,,2022-10-19,,,,,,,,,,,,,,,,"01/05/2023, 16:38:28"
,,,,,,,,,,7671584,6243000.0,6306.0,9602.0,,631.0,,,,,2022-10-20,,,,,,,,,,,,,,,,"01/05/2023, 16:38:28"
,,,,,,,,,,7671584,6243000.0,6306.0,9602.0,,,,,,,2022-10-21,,,,,,,,,,,,,,,,"01/05/2023, 16:38:28"
,,,,,,,,,,7671584,6243000.0,6374.0,9776.0,,,,,,,2022-10-24,https://www.ohchr.org/en/news/2022/10/ukraine-civilian-casualty-update-24-october-2022,,,,,,,,,,,,,,,"01/05/2023, 16:38:28"
,,,,,,,,,,7751169,6243000.0,6374.0,9776.0,,,,,,,2022-10-25,,,,,,,,,,,,,,,,"01/05/2023, 16:38:28"
,,,,,,,,,,7751169,6243000.0,6374.0,9776.0,,,,,,,2022-10-26,,,,,,,,,,,,,,,,"01/05/2023, 16:38:28"
,,,,,,,,,,7751169,6540000.0,6374.0,9776.0,,,663.0,13473636.0,,,2022-10-27,,,,,,,,,,,,,,,,"01/05/2023, 16:38:28"
,,,,,,,,,,7751169,6540000.0,6374.0,9776.0,,,,,,,2022-10-28,,,,,,,,,,,,,,,,"01/05/2023, 16:38:28"
,,,,,,,,,,7751169,6540000.0,6430.0,9865.0,,,,,,,2022-10-31,https://www.ohchr.org/en/news/2022/10/ukraine-civilian-casualty-update-31-october-2022,,,,,,,,,,,,,,,"01/05/2023, 16:38:28"
,,,,,,,,,,7785514,6540000.0,6430.0,9865.0,,,,,,,2022-11-01,,,,,,,,,,,,,,,,"01/05/2023, 16:38:28"
,,,,,,,,,,7785514,6540000.0,6430.0,9865.0,,,,,,,2022-11-02,,,,,,,,,,,,,,,,"01/05/2023, 16:38:28"
,,,,,,,,,,7785514,6540000.0,6430.0,9865.0,,,,,,,2022-11-03,,,,,,,,,,,,,,,,"01/05/2023, 16:38:28"
,,,,,,,,,,7785514,6540000.0,6430.0,9865.0,,645.0,,,,,2022-11-04,,,,,,,,,,,,,,,,"01/05/2023, 16:38:28"
,,,,,,,,,,7785514,6540000.0,6490.0,9972.0,,663.0,,,,,2022-11-07,https://www.ohchr.org/en/news/2022/11/ukraine-civilian-casualty-update-7-november-2022,,,,,,,,,,,,,,,"01/05/2023, 16:38:28"
,,,,,,,,,,7785514,6540000.0,6490.0,9972.0,,,,,,,2022-11-08,,,,,,,,,,,,,,,,"01/05/2023, 16:38:28"
,,,,,,,,,,7785514,6540000.0,6490.0,9972.0,,,,,,,2022-11-09,,,,,,,,,,,,,,,,"01/05/2023, 16:38:28"
,,,,,,,,,,7785514,6540000.0,6490.0,9972.0,,,666.0,13345405.0,,,2022-11-10,,,,,,,,,,,,,,,,"01/05/2023, 16:38:28"
,,,,,,,,,,7785514,6540000.0,6490.0,9972.0,,,,,,,2022-11-11,,,,,,,,,,,,,,,,"01/05/2023, 16:38:28"
,,,,,,,,,,7785514,6540000.0,6557.0,10074.0,,,,,,,2022-11-14,https://www.ohchr.org/en/news/2022/11/ukraine-civilian-casualty-update-14-november-2022,,,,,,,,,,,,,,,"01/05/2023, 16:38:28"
,,,,,,,,,,7843714,6540000.0,6557.0,10074.0,,688.0,,,,,2022-11-15,,,,,,,,,,,,,,,,"01/05/2023, 16:38:28"
,,,,,,,,,,7843714,6540000.0,6557.0,10074.0,,,,,,,2022-11-16,,,,,,,,,,,,,,,,"01/05/2023, 16:38:28"
,,,,,,,,,,7843714,6540000.0,6557.0,10074.0,,,,,,,2022-11-17,,,,,,,,,,,,,,,,"01/05/2023, 16:38:28"
,,,,,,,,,,7843714,6540000.0,6557.0,10074.0,,,,,,,2022-11-18,,,,,,,,,,,,,,,,"01/05/2023, 16:38:28"
,,,,,,,,,,7843714,6540000.0,6595.0,10189.0,,703.0,,,,,2022-11-21,https://www.ohchr.org/en/news/2022/11/ukraine-civilian-casualty-update-21-november-2022,,,,,,,,,,,,,,,"01/05/2023, 16:38:28"
,,,,,,,,,,7867219,6540000.0,6595.0,10189.0,,,,,,,2022-11-22,,,,,,,,,,,,,,,,"01/05/2023, 16:38:28"
,,,,,,,,,,7867219,6540000.0,6595.0,10189.0,,,,,,,2022-11-23,,,,,,,,,,,,,,,,"01/05/2023, 16:38:28"
,,,,,,,,,,7867219,6540000.0,6595.0,10189.0,,,,,,,2022-11-24,,,,,,,,,,,,,,,,"01/05/2023, 16:38:28"
,,,,,,,,,,7867219,5914000.0,6595.0,10189.0,,,689.0,13447047.0,,,2022-11-25,,,,,,,,,,,,,,,,"01/05/2023, 16:38:28"
,,,,,,,,,,7867219,5914000.0,6655.0,10368.0,,715.0,,,,,2022-11-28,https://www.ohchr.org/en/news/2022/11/ukraine-civilian-casualty-update-28-november-2022,,,,,,,,,,,,,,,"01/05/2023, 16:38:28"
,,,,,,,,,,7867219,5914000.0,6655.0,10368.0,,,,,,,2022-11-29,,,,,,,,,,,,,,,,"01/05/2023, 16:38:28"
,,,,,,,,,,7867219,5914000.0,6655.0,10368.0,,,,,,,2022-11-30,,,,,,,,,,,,,,,,"01/05/2023, 16:38:28"
,,,,,,,,,,7867219,5914000.0,6655.0,10368.0,,,,,,,2022-12-01,,,,,,,,,,,,,,,,"01/05/2023, 16:38:28"
,,,,,,,,,,7867219,5914000.0,6702.0,10479.0,,,,,,,2022-12-05,https://www.ohchr.org/en/news/2022/12/ukraine-civilian-casualty-update-5-december-2022,,,,,,,,,,,,,,,"01/05/2023, 16:38:28"
,,,,,,,,,,7832493,5914000.0,6702.0,10479.0,,,,,,,2022-12-06,,,,,,,,,,,,,,,,"01/05/2023, 16:38:28"
,,,,,,,,,,7832493,5914000.0,6702.0,10479.0,,,,,,,2022-12-07,,,,,,,,,,,,,,,,"01/05/2023, 16:38:28"
,,,,,,,,,,7832493,5914000.0,6702.0,10479.0,,,707.0,13623860.0,,,2022-12-08,,,,,,,,,,,,,,,,"01/05/2023, 16:38:28"
,,,,,,,,,,7832493,5914000.0,6702.0,10479.0,,,,,,,2022-12-09,,,,,,,,,,,,,,,,"01/05/2023, 16:38:28"
,,,,,,,,,,7832493,5914000.0,6755.0,10607.0,,,,,,,2022-12-12,https://www.ohchr.org/en/news/2022/12/ukraine-civilian-casualty-update-12-december-2022,,,,,,,,,,,,,,,"01/05/2023, 16:38:28"
,,,,,,,,,,7832493,5914000.0,6755.0,10607.0,,,,,,,2022-12-13,,,,,,,,,,,,,,,,"01/05/2023, 16:38:28"
,,,,,,,,,,7832493,5914000.0,6755.0,10607.0,,,,,,,2022-12-14,,,,,,,,,,,,,,,,"01/05/2023, 16:38:28"
,,,,,,,,,,7832493,5914000.0,6755.0,10607.0,,,,,,,2022-12-15,,,,,,,,,,,,,,,,"01/05/2023, 16:38:28"
,,,,,,,,,,7832493,5914000.0,6755.0,10607.0,,,,,,,2022-12-16,,,,,,,,,,,,,,,,"01/05/2023, 16:38:28"
,,,,,,,,,,7832493,5914000.0,6826.0,10769.0,,716.0,,,,,2022-12-19,https://www.ohchr.org/en/news/2022/12/ukraine-civilian-casualty-update-19-december-2022,,,,,,,,,,,,,,,"01/05/2023, 16:38:28"
,,,,,,,,,,7863339,5914000.0,6826.0,10769.0,,,,,,,2022-12-20,,,,,,,,,,,,,,,,"01/05/2023, 16:38:28"
,,,,,,,,,,7863339,5914000.0,6826.0,10769.0,,725.0,,,,,2022-12-21,,,,,,,,,,,,,,,,"01/05/2023, 16:38:28"
,,,,,,,,,,7863339,5914000.0,6826.0,10769.0,,,,13852942.0,,,2022-12-22,,,,,,,,,,,,,,,,"01/05/2023, 16:38:28"
,,,,,,,,,,7863339,5914000.0,6826.0,10769.0,,,,,,,2022-12-23,,,,,,,,,,,,,,,,"01/05/2023, 16:38:28"
,,,,,,,,,,7863339,5914000.0,6884.0,10947.0,,,,,,,2022-12-26,https://www.ohchr.org/en/news/2022/12/ukraine-civilian-casualty-update-26-december-2022,,,,,,,,,,,,,,,"01/05/2023, 16:38:28"
,,,,,,,,,,7896825,5914000.0,6884.0,10947.0,,745.0,,,,,2022-12-27,,,,,,,,,,,,,,,,"01/05/2023, 16:38:28"
,,,,,,,,,,7896825,5914000.0,6884.0,10947.0,,,,,,,2022-12-28,,,,,,,,,,,,,,,,"01/05/2023, 16:38:28"
,,,,,,,,,,7896825,5914000.0,6884.0,10947.0,,,,,,,2022-12-29,,,,,,,,,,,,,,,,"01/05/2023, 16:38:28"
,,,,,,,,,,7896825,5914000.0,6884.0,10947.0,,,,,,,2022-12-30,,,,,,,,,,,,,,,,"01/05/2023, 16:38:28"
,,,,,,,,,,7896825,5914000.0,6919.0,11075.0,,747.0,,,,,2023-01-03,https://www.ohchr.org/en/news/2023/01/ukraine-civilian-casualty-update-3-january-2023,,,,,,,,,,,,,,,"01/05/2023, 16:38:28"
,,,,,,,,,,7896825,5914000.0,6919.0,11075.0,,,,,,,2023-01-04,,,,,,,,,,,,,,,,"01/05/2023, 16:38:28"
,,,,,,,,,,7896825,5914000.0,6919.0,11075.0,,,,,,,2023-01-05,,,,,,,,,,,,,,,,"01/05/2023, 16:38:28"
